Date,Time,Course,Horse,Race Type,A/W Course Type,H/Cap,No. of Rnrs,Value,8:30PM Price,7:30AM Price,Class,Class Move,Sex,Age,Weight,Irish?,Draw IV,Comb. Total,Comb. Rank,Race Rank,Comp. Rank,PRB Rank,Speed Rank,MSAI Rank,No. of Top,Comp. Total,>100,<50,Clear By,Fin Pos,BSP,Win P/L <2%,Place P/L <2%,Month,Classification,Trainer,Jockey,Trainer PRB,Jockey PRB,Jockey Claim,LTO Fin Pos,Race Rating,Ability,Going,Distance,Course/Sim,TrainrF,JockyF,Draw,Speed,Total
260412,1347,Wincanton,Special John,Chase, ,Y,3,3,2.1,2.1,4,U,g,7,156, ,0,9,3,2,3,1,2,0,1,333,2,5,0,0,0,0,0,Apr,Hcap-Cha,Sam Thomas,Matt Griffiths,0,0,0,5,20,33.33,33.33,100,100,33.33,33.33,0,33.33,366.65
260412,1347,Wincanton,Mahler Moon,Chase, ,Y,3,2.66,2.75,2.75,4,S,g,8,156, ,0,8,2,2,2,2,3,0,0,453,3,2,120.01,0,0,0,0,Apr,Hcap-Cha,Fergal O'Brien,Jonathan Burke,48.5,31.21,0,2,20,60,60,100,33.33,100,100,0,33.33,486.66
260412,1347,Wincanton,Masterdream,Chase, ,Y,3,2,4.33,4.33,4,S,g,9,159, ,0,6,1,1,1,3,1,0,4,460,2,1,6.67,0,0,0,0,Apr,Hcap-Cha,Neil Mulholland,Conor O'Farrell,43.42,46.85,0,3,45,50,70,100,60,100,80,0,117.74,577.74
260412,1355,Down Royal,Miss Doyenne,Hurdle, ,N,17,7,2,2,4,S,m,6,161,Y,0,4,1,1,1,1,1,0,5,600,6,1,240.01,0,0,0,0,Apr,Mdn-Mare-Hdle,Henry De Bromhead,Darragh O'Keeffe,38.73,39.93,0,3,80,100,100,100,100,100,100,0,125.8,725.8
260412,1355,Down Royal,Cool Native,Hurdle, ,N,17,10.33,2.2,2.25,4,S,m,6,153,Y,0,13,3,3,2,6,99,0,0,359,2,4,26.67,0,0,0,0,Apr,Mdn-Mare-Hdle,Gordon Elliott,Jack Kennedy,40.8,43.41,0,247,10,60,33.33,33.33,33.33,100,100,0,33.33,393.32
260412,1355,Down Royal,Infinity Succes,Hurdle, ,N,17,21.33,12,11,4,U,f,4,145,Y,0,30,8,14,5,3,6,0,0,299,0,4,16.67,0,0,0,0,Apr,Mdn-Mare-Hdle,S R B Crawford,Danny Mullins,17.12,29.31,0,12,-30,60,60,33.33,33.33,33.33,80,0,33.33,333.32
260412,1355,Down Royal,Forever And A Day,Hurdle, ,N,17,18,17,15,4,U,m,7,153,Y,0,26,6,4,10,5,5,0,0,239,0,5,3.34,0,0,0,0,Apr,Mdn-Mare-Hdle,Peter Maher,Sean O'Keeffe,0,28.13,0,6,0,50,33.33,50,40,33.33,33.33,0,33.33,273.32
260412,1355,Down Royal,Lady Cosmo,Hurdle, ,N,17,49,17,17,4,S,m,6,153,Y,0,45,15,6,15,99,8,0,0,199,0,7,0,0,0,0,0,Apr,Mdn-Mare-Hdle,C A McBratney,Sean Flanagan,15.12,24.17,0,6,-20,33.33,33.33,33.33,33.33,33.33,33.33,0,33.33,233.31
260412,1355,Down Royal,Mercurial Sea,Hurdle, ,N,17,15,23,23,4,S,m,5,153,Y,0,20,4,5,6,4,4,0,0,283,1,5,0,0,0,0,0,Apr,Mdn-Mare-Hdle,Nigel Slevin,Mr C P Millar,4.5,37.15,5,8,-10,33.33,100,33.33,33.33,33.33,50,0,33.33,316.65
260412,1355,Down Royal,Creevybeg,Hurdle, ,N,17,41,21,26,4,D,f,4,145,Y,0,42,13,6,15,99,99,0,0,199,0,7,0,0,0,0,0,Apr,Mdn-Mare-Hdle,C A McBratney,Gavin Brouder,15.12,27.92,0,0,-20,33.33,33.33,33.33,33.33,33.33,33.33,0,33.33,233.31
260412,1355,Down Royal,Hathaways Cottage,Hurdle, ,N,17,14.66,34,26,4,U,m,8,153,Y,0,24,5,6,6,99,99,0,0,283,0,5,20,0,0,0,0,Apr,Mdn-Mare-Hdle,D M Christie,Mr Ben Harvey,60.98,43.29,0,4,-20,33.33,33.33,33.33,33.33,90,60,0,33.33,316.65
260412,1355,Down Royal,Whispering Hopes,Hurdle, ,N,17,12,29,29,4,S,m,6,153,Y,0,11,2,2,4,2,2,0,0,306,0,4,6.67,0,0,0,0,Apr,Mdn-Mare-Hdle,Liam Lennon,Mr E P Powell,18.93,0,7,8,15,50,60,90,40,33.33,33.33,0,88.7,395.36
260412,1355,Down Royal,Ri Ra,Hurdle, ,N,17,45,67,81,4,U,m,8,153,Y,0,48,17,14,11,99,99,0,0,236,0,6,10,0,0,0,0,Apr,Mdn-Mare-Hdle,R Dunne,Mr B Barry,16.05,56.05,7,7,-30,33.33,33.33,33.33,33.33,33.33,70,0,33.33,269.98
260412,1355,Down Royal,Eitilt,Hurdle, ,N,17,19.33,101,81,4,S,f,4,145,Y,0,39,12,14,8,11,9,0,0,263,0,5,16.67,0,0,0,0,Apr,Mdn-Mare-Hdle,P J Rothwell,Mr T Power Roche,24.44,30.17,0,11,-30,33.33,33.33,33.33,33.33,80,50,0,33.33,296.65
260412,1355,Down Royal,Supreme Axel,Hurdle, ,N,17,23.33,151,126,4,S,m,7,153,Y,0,46,16,14,15,8,7,0,0,199,0,7,0,0,0,0,0,Apr,Mdn-Mare-Hdle,James Fahey,Mr J Younge,0,0,7,13,-30,33.33,33.33,33.33,33.33,33.33,33.33,0,33.33,233.31
260412,1355,Down Royal,Thelittlevillager,Hurdle, ,N,17,28.66,126,151,4,S,f,4,145,Y,0,35,10,6,9,9,99,0,0,246,0,6,6.66,0,0,0,0,Apr,Mdn-Mare-Hdle,P J Rothwell,Dylan Robinson,24.44,7.92,0,14,-20,33.33,33.33,33.33,33.33,80,33.33,0,33.33,279.98
260412,1355,Down Royal,Westin Pimpernel,Hurdle, ,N,17,40.66,201,201,4,S,f,4,145,Y,0,42,13,6,13,10,99,0,0,216,0,6,0,0,0,0,0,Apr,Mdn-Mare-Hdle,C A McBratney,Mr J C Gainford,15.12,31.42,0,254,-20,33.33,33.33,33.33,33.33,33.33,50,0,33.33,249.98
260412,1355,Down Royal,Shortt Fuse,Hurdle, ,N,17,26.33,201,201,4,S,m,5,153,Y,0,35,10,6,12,7,3,0,0,226,0,6,10,0,0,0,0,Apr,Mdn-Mare-Hdle,Ms H P Markham,Mr J H Williamson,0,43.06,5,254,-20,33.33,33.33,33.33,33.33,33.33,60,0,33.33,259.98
260412,1355,Down Royal,The Poet's Way,Hurdle, ,N,17,33.66,201,201,4,S,m,5,153,Y,0,29,7,6,3,99,99,0,0,333,2,5,26.66,0,0,0,0,Apr,Mdn-Mare-Hdle,T G McCourt,P M O'Brien,30.45,55.25,5,254,-20,33.33,33.33,33.33,33.33,100,100,0,33.33,366.65
260412,1403,Ffos Las,Miss Kassiopi,Hurdle, ,Y,12,6.66,3,2.75,5,S,m,7,169, ,0,4,1,1,1,1,1,0,5,423,2,2,53.33,0,0,0,0,Apr,Hcap-Nov-Mare-Hdle,Richard J Bandey,Harry Bannister,35.48,40.7,0,1,20,60,100,100,33.33,50,80,0,72.88,496.21
260412,1403,Ffos Las,Yanka Blue,Hurdle, ,Y,12,12.33,5,6.5,5,S,m,5,159, ,0,22,4,5,9,3,10,0,0,243,0,5,3.33,0,0,0,0,Apr,Hcap-Nov-Mare-Hdle,Barry T Murphy,Tom Cannon,0.91,33.97,0,2,-20,60,33.33,33.33,33.33,33.33,50,0,33.33,276.65
260412,1403,Ffos Las,Tipperary Star,Hurdle, ,Y,12,14.66,7.5,8,5,D,m,8,145, ,0,32,9,5,7,11,12,0,0,263,0,5,6.67,0,0,0,0,Apr,Hcap-Nov-Mare-Hdle,Warren Greatrex,Sean Bowen,30.95,36.55,0,7,-20,33.33,33.33,33.33,33.33,80,50,0,33.33,296.65
260412,1403,Ffos Las,Milady Du Breuil,Hurdle, ,Y,12,15,9,8,5,D,f,4,153, ,0,31,8,5,6,10,11,0,0,266,1,6,3.33,0,0,0,0,Apr,Hcap-Nov-Mare-Hdle,Christian Williams,Mr Jack Tudor,27.44,28.72,0,4,-20,33.33,33.33,33.33,33.33,33.33,100,0,33.33,299.98
260412,1403,Ffos Las,Polkaface,Hurdle, ,Y,12,8,8.5,9.5,5,D,m,6,166, ,0,9,2,2,3,2,2,0,0,366,1,3,53.34,0,0,0,0,Apr,Hcap-Nov-Mare-Hdle,Ben Case,Sam Twiston-Davies,54.01,31.89,0,3,0,33.33,90,60,33.33,100,50,0,84.74,451.4
260412,1403,Ffos Las,Feet On The Ground,Hurdle, ,Y,12,9.33,12,10,5,S,m,8,163, ,0,11,3,2,2,4,3,0,0,370,1,1,3.34,0,0,0,0,Apr,Hcap-Nov-Mare-Hdle,Fergal O'Brien,Tom Broughton,48.5,45.68,5,4,0,60,50,50,50,100,60,0,67.79,437.79
260412,1403,Ffos Las,La Belle Argentee,Hurdle, ,Y,12,12,13,13,5,S,m,5,164, ,0,26,6,5,8,9,8,0,0,256,0,6,13.33,0,0,0,0,Apr,Hcap-Nov-Mare-Hdle,Max Comley,David Bass,20.14,22.36,0,5,-20,33.33,90,33.33,33.33,33.33,33.33,0,33.33,289.98
260412,1403,Ffos Las,Camshaft,Hurdle, ,Y,12,13.66,13,13,5,D,m,5,155, ,0,27,7,9,4,7,5,0,0,313,1,5,30,0,0,0,0,Apr,Hcap-Nov-Mare-Hdle,Jonjo O'Neill,Jonjo O'Neill Jr,47.18,48.33,0,5,-30,33.33,33.33,33.33,33.33,80,100,0,81.35,394.67
260412,1403,Ffos Las,Lily Grace,Hurdle, ,Y,12,31.66,21,21,5,S,m,8,145, ,0,40,12,9,11,8,6,0,0,199,0,7,0,0,0,0,0,Apr,Hcap-Nov-Mare-Hdle,Venetia Williams,Ned Fox,15.4,12.78,3,5,-30,33.33,33.33,33.33,33.33,33.33,33.33,0,72.88,272.86
260412,1403,Ffos Las,Jlow,Hurdle, ,Y,12,12.66,17,21,5,S,m,5,156, ,0,23,5,2,10,5,7,0,0,239,0,5,40.01,0,0,0,0,Apr,Hcap-Nov-Mare-Hdle,R D Potter,Lorcan Williams,11.54,37,0,254,0,33.33,50,33.33,40,33.33,50,0,33.33,273.32
260412,1403,Ffos Las,Half Pint Daisy,Hurdle, ,Y,12,16.33,26,23,5,S,m,7,145, ,0,37,10,12,11,6,4,0,0,199,0,7,0,0,0,0,0,Apr,Hcap-Nov-Mare-Hdle,Clive Boultbee-Brooks,Richard Patrick,11.32,0,0,6,-40,33.33,33.33,33.33,33.33,33.33,33.33,0,84.74,284.72
260412,1403,Ffos Las,Paradise Park,Hurdle, ,Y,12,19.33,34,34,5,S,m,8,145, ,0,37,10,9,5,12,9,0,0,283,1,5,16.67,0,0,0,0,Apr,Hcap-Nov-Mare-Hdle,T Faulkner,Miss Tabitha Worsley,35.34,24.47,0,7,-30,33.33,33.33,33.33,33.33,50,100,0,33.33,316.65
260412,1410,Leopardstown,Thundering On,Turf, ,N,16,10,2.75,2.75,5,D,f,3,129,Y,0.93,6,1,2,1,1,3,0,3,616,4,1,24.67,0,0,0,0,Apr,Mdn-Fil,Joseph Patrick O'Brien,J M Sheridan,45.67,38.45,0,2,0,100,90,100,33.33,100,100,93,33.33,649.66
260412,1410,Leopardstown,Skydance,Turf, ,N,16,10,3.5,3.25,5,D,f,3,129,Y,1.03,9,2,1,3,2,2,0,1,496,1,1,44.34,0,0,0,0,Apr,Mdn-Fil,W McCreery,W J Lee,36.39,38.78,0,5,20,90,33.33,70,70,50,80,103,33.33,529.66
260412,1410,Leopardstown,Elmakaya,Turf, ,N,16,24,7.5,7.5,5,D,f,3,129,Y,1.3,31,7,5,8,99,99,0,0,391,2,5,14.33,0,0,0,0,Apr,Mdn-Fil,D K Weld,Chris Hayes,29.29,31.13,0,0,-20,33.33,33.33,33.33,33.33,33.33,100,125,33.33,424.98
260412,1410,Leopardstown,Purely,Turf, ,N,16,14.33,7.5,8,5,S,f,3,129,Y,0.66,25,5,11,5,5,99,0,0,432,2,2,15.34,0,0,0,0,Apr,Mdn-Fil,A P O'Brien,Ryan Moore,42.23,35.37,0,7,-30,50,50,33.33,33.33,100,100,66,33.33,465.99
260412,1410,Leopardstown,Justiciar,Turf, ,N,16,16.66,11,10,5,S,f,3,129,Y,0.49,35,9,5,16,7,99,0,0,285,0,6,0,0,0,0,0,Apr,Mdn-Fil,G M Lyons,Gary Carroll,56.39,29.77,0,7,-20,33.33,33.33,33.33,33.33,70,33.33,49,33.33,318.98
260412,1410,Leopardstown,Rodeo Blues,Turf, ,N,16,14.33,10,12,5,D,f,3,129,Y,0.76,26,6,5,7,99,99,0,0,409,2,4,17.67,0,0,0,0,Apr,Mdn-Fil,Joseph Patrick O'Brien,Declan McDonogh,45.67,44.66,0,0,-20,33.33,33.33,33.33,33.33,100,100,76,33.33,442.65
260412,1410,Leopardstown,Institute,Turf, ,N,16,9.66,12,12,5,S,f,3,129,Y,1.43,10,3,4,2,3,99,0,0,591,5,2,95.33,0,0,0,0,Apr,Mdn-Fil,A P O'Brien,Wayne Lordan,42.23,42.95,0,2,-10,100,100,33.33,33.33,100,100,125,33.33,624.99
260412,1410,Leopardstown,Forty Six A,Turf, ,N,16,12.33,19,23,5,S,f,3,129,Y,1.12,14,4,2,4,4,99,0,0,451,2,3,19.33,0,0,0,0,Apr,Mdn-Fil,J S Bolger,Seamie Heffernan,61.46,38.49,0,2,0,100,33.33,33.33,33.33,90,50,112,33.33,485.32
260412,1410,Leopardstown,Indomiknow,Turf, ,N,16,19.33,26,29,5,S,f,3,129,Y,0.84,33,8,11,6,99,99,0,0,417,2,4,8,0,0,0,0,Apr,Mdn-Fil,Henry De Bromhead,Ronan Whelan,38.73,31.14,0,4,-30,33.33,33.33,33.33,33.33,100,100,84,33.33,450.65
260412,1410,Leopardstown,Beatific,Turf, ,N,16,344.33,34,34,5,D,f,3,129,Y,0.76,42,13,5,14,99,99,0,0,342,1,5,1,0,0,0,0,Apr,Mdn-Fil,Donnacha O'Brien,Gavin Ryan,37.77,23.57,0,0,-20,33.33,33.33,33.33,33.33,100,33.33,76,33.33,375.98
260412,1410,Leopardstown,Cromac Quay,Turf, ,N,16,31.33,34,41,5,D,f,3,129,Y,1.25,35,9,5,11,99,99,0,0,371,1,5,15,0,0,0,0,Apr,Mdn-Fil,Mrs John Harrington,Scott McCullagh,31.9,25,0,0,-20,33.33,33.33,33.33,33.33,80,33.33,125,33.33,404.98
260412,1410,Leopardstown,Gimme Energy,Turf, ,N,16,69,67,67,5,S,f,3,129,Y,1.35,45,15,11,15,6,99,0,0,341,1,5,56,0,0,0,0,Apr,Mdn-Fil,John O'Donoghue,Andrew Slattery,14.66,31.39,0,10,-30,33.33,33.33,33.33,33.33,33.33,50,125,33.33,374.98
260412,1410,Leopardstown,Hiltons Pass,Turf, ,N,16,45.66,81,81,5,D,f,3,129,Y,1.02,40,11,5,13,10,99,0,0,348,1,5,6,0,0,0,0,Apr,Mdn-Fil,John O'Donoghue,D Egan,14.66,32.78,0,11,-20,33.33,33.33,33.33,33.33,33.33,80,102,33.33,381.98
260412,1410,Leopardstown,Grey Intentions,Turf, ,N,16,21.66,81,101,5,D,f,3,129,Y,1.1,40,11,11,12,8,4,0,0,356,1,5,8,0,0,0,0,Apr,Mdn-Fil,Edward P Harty,J A Powell,20.03,21.84,0,7,-30,33.33,33.33,33.33,33.33,33.33,80,110,33.33,389.98
260412,1410,Leopardstown,Lamberella,Turf, ,N,16,66.66,101,101,5,S,f,3,129,Y,0.64,47,16,16,10,99,1,0,1,377,1,4,5.67,0,0,0,0,Apr,Mdn-Fil,David Marnane,Luke McAteer,67.79,42.04,0,16,-40,33.33,33.33,33.33,33.33,100,80,64,73.43,450.75
260412,1410,Leopardstown,Sands Castle,Turf, ,N,16,344.33,101,101,5,S,f,3,129,Y,1.94,43,14,11,8,9,5,0,0,391,2,5,0,0,0,0,0,Apr,Mdn-Fil,A Sexton,C Geerdharry,7.27,71.25,7,14,-30,33.33,33.33,33.33,33.33,33.33,100,125,33.33,424.98
260412,1420,Wincanton,Sinchi Roca,Hurdle, ,Y,3,2.33,2.38,2.5,4,S,g,6,160, ,0,7,1,2,1,3,3,0,2,443,2,2,36.67,0,0,0,0,Apr,Hcap-Hdle,Syd Hosie,Tom Bellamy,38.5,41.76,0,2,30,70,90,33.33,100,50,100,0,33.33,476.66
260412,1420,Wincanton,Byzantium,Hurdle, ,Y,3,2.33,2.75,2.75,4,S,g,6,156, ,0,7,1,2,2,2,2,0,1,406,2,3,100,0,0,0,0,Apr,Hcap-Hdle,Paul Nicholls,Harry Cobden,43.32,42.26,0,4,30,60,100,33.33,33.33,100,80,0,33.33,439.99
260412,1420,Wincanton,Kitty Foyle,Hurdle, ,Y,3,3.33,3.25,3.25,4,S,m,6,160, ,0,8,3,1,3,1,1,0,3,306,0,4,0,0,0,0,0,Apr,Hcap-Hdle,Daisy Hitchins,Mr Robbie David,23.75,19.35,5,3,80,70,60,70,40,33.33,33.33,0,95.16,401.82
260412,1430,Down Royal,Kp's Ladyofknock,Hurdle, ,Y,11,11.33,3,2.88,4,U,m,6,150,Y,0,24,6,8,6,7,6,0,0,283,1,5,16.66,0,0,0,0,Apr,Hcap-Hdle,Mark Fahey,Mr T E O'Connor,31.39,21.29,2,3,-30,33.33,33.33,33.33,100,50,33.33,0,66.12,349.44
260412,1430,Down Royal,Dairy Force,Hurdle, ,Y,11,6,4,4.33,4,S,g,7,166,Y,0,6,1,2,2,1,2,0,2,383,1,2,23.34,0,0,0,0,Apr,Hcap-Hdle,Gordon Elliott,Mr Kevin Healy,40.8,0,0,2,35,70,60,70,50,100,33.33,0,93.54,476.87
260412,1430,Down Royal,Pleasureofpressure,Hurdle, ,Y,11,10.33,5,5,4,U,g,6,143,Y,0,15,3,8,1,2,4,0,1,453,2,2,70,0,0,0,0,Apr,Hcap-Hdle,P J Rothwell,Mr B Barry,24.44,56.05,2,3,-30,33.33,70,100,100,80,70,0,82.25,535.58
260412,1430,Down Royal,Party Pack,Hurdle, ,Y,11,15.33,10,11,4,U,g,8,140,Y,0,33,9,11,5,8,7,0,0,299,0,4,16.67,0,0,0,0,Apr,Hcap-Hdle,J P Flavin,Jordan Canavan,48.56,64.75,0,5,-40,33.33,33.33,33.33,50,60,90,0,64.51,364.5
260412,1430,Down Royal,Brother Hollie,Hurdle, ,Y,11,17.66,13,13,4,S,g,4,153,Y,0,36,11,8,9,9,9,0,0,243,0,6,16.67,0,0,0,0,Apr,Hcap-Hdle,Mark Michael McNiff,Mr Alan King,55.55,0,0,6,-30,33.33,33.33,33.33,40,70,33.33,0,33.33,276.65
260412,1430,Down Royal,Justicialism,Hurdle, ,Y,11,24.33,17,15,4,U,g,8,152,Y,0,28,7,4,7,6,5,0,0,266,0,3,0.01,0,0,0,0,Apr,Hcap-Hdle,Noel C Kelly,E Finegan,31.31,34.28,0,254,-5,50,50,33.33,33.33,50,50,0,45.16,311.82
260412,1430,Down Royal,Circus Act,Hurdle, ,Y,11,7.33,15,15,4,U,m,7,156,Y,0,10,2,1,3,4,8,0,1,359,2,4,46.66,0,0,0,0,Apr,Hcap-Hdle,J A Nash,Peter Smithers,16,18.05,0,7,50,60,33.33,100,100,33.33,33.33,0,33.33,393.32
260412,1430,Down Royal,Urbs Intacta Manet,Hurdle, ,Y,11,14,17,17,4,S,g,5,146,Y,0,32,8,5,10,11,11,0,0,226,0,6,26.67,0,0,0,0,Apr,Hcap-Hdle,J P Flavin,Dylan Whelan,48.56,17.33,0,12,-20,33.33,33.33,33.33,33.33,60,33.33,0,33.33,259.98
260412,1430,Down Royal,Boston Fire,Hurdle, ,Y,11,14.66,19,19,4,S,g,7,143,Y,0,34,10,5,11,10,10,0,0,199,0,7,0,0,0,0,0,Apr,Hcap-Hdle,Peter Maher,B P Kennedy,0,8.4,0,13,-20,33.33,33.33,33.33,33.33,33.33,33.33,0,33.33,233.31
260412,1430,Down Royal,Queen Nel,Hurdle, ,Y,11,11.66,26,21,4,S,m,7,150,Y,0,23,5,3,8,5,3,0,0,266,1,6,23.33,0,0,0,0,Apr,Hcap-Hdle,E D Delany,Mr H E Sexton,24.68,16.08,0,254,30,33.33,33.33,33.33,33.33,100,33.33,0,83.87,350.52
260412,1430,Down Royal,Kalsman,Hurdle, ,Y,11,13,26,29,4,U,g,8,155,Y,0,19,4,7,4,3,1,0,1,313,0,2,13.34,0,0,0,0,Apr,Hcap-Hdle,Liam Lennon,Caragh Monaghan,18.93,49.8,2,6,-25,50,70,50,50,33.33,60,0,98.38,411.71
260412,1438,Ffos Las,Knead A Win,Hurdle, ,N,11,6.33,2.63,2.63,4,S,g,6,160, ,0,8,1,1,2,3,1,0,3,363,0,2,30.01,0,0,0,0,Apr,Mdn-Hdle,Sam Thomas,Mr D Johnston,0,37.55,0,2,90,70,70,50,90,33.33,50,0,111.29,474.62
260412,1438,Ffos Las,Doujadou,Hurdle, ,N,11,8.66,3.25,3,4,D,g,6,160, ,0,10,2,3,1,2,2,0,1,413,2,2,50,0,0,0,0,Apr,Mdn-Hdle,Rebecca Curtis,Sean Bowen,44.49,36.55,0,3,-10,100,33.33,70,60,100,50,0,33.33,446.66
260412,1438,Ffos Las,Into The Blue,Hurdle, ,N,11,7.66,4.33,4.5,4,D,g,6,160, ,0,12,3,3,3,99,99,0,0,333,2,5,3.33,0,0,0,0,Apr,Mdn-Hdle,Nicky Henderson,Nico de Boinville,28.86,29.1,0,0,-10,33.33,33.33,33.33,33.33,100,100,0,33.33,366.65
260412,1438,Ffos Las,Grand Teton,Hurdle, ,N,11,9.66,10,10,4,D,g,5,160, ,0,20,5,5,6,6,99,0,0,266,1,6,13.33,0,0,0,0,Apr,Mdn-Hdle,Nicky Henderson,James Bowen,28.86,24.94,0,5,-20,33.33,33.33,33.33,33.33,100,33.33,0,33.33,299.98
260412,1438,Ffos Las,Karpenn,Hurdle, ,N,11,19.66,17,17,4,S,g,5,160, ,0,30,11,5,10,5,99,0,0,216,0,6,0,0,0,0,0,Apr,Mdn-Hdle,Venetia Williams,Charlie Deutsch,15.4,31.77,0,7,-20,33.33,33.33,33.33,33.33,33.33,50,0,33.33,249.98
260412,1438,Ffos Las,Guardami Ancora,Hurdle, ,N,11,13.66,17,19,4,S,g,5,160, ,0,14,4,2,4,1,2,0,1,329,0,4,16.67,0,0,0,0,Apr,Mdn-Hdle,Mrs C Williams,Conor Ring,16.34,27.8,0,2,10,90,50,90,33.33,33.33,33.33,0,33.33,363.32
260412,1438,Ffos Las,Mr Rafiki,Hurdle, ,N,11,14.33,26,26,4,S,g,5,160, ,0,27,7,11,5,99,99,0,0,313,1,5,46.67,0,0,0,0,Apr,Mdn-Hdle,Jonjo O'Neill,Jonjo O'Neill Jr,47.18,48.33,0,4,-30,33.33,33.33,33.33,33.33,80,100,0,33.33,346.65
260412,1438,Ffos Las,Johnny's Belle,Hurdle, ,N,11,12.33,34,34,4,S,m,6,153, ,0,22,6,5,8,4,4,0,0,253,0,5,10,0,0,0,0,Apr,Mdn-Hdle,Barry T Murphy,D J O'Connor,0.91,1.23,7,4,-20,60,33.33,60,33.33,33.33,33.33,0,33.33,286.65
260412,1438,Ffos Las,Pappariche,Hurdle, ,N,11,27.66,29,34,4,D,m,6,153, ,0,27,7,5,6,99,99,0,0,266,1,6,0,0,0,0,0,Apr,Mdn-Hdle,Christian Williams,Mr Jack Tudor,27.44,28.72,0,0,-20,33.33,33.33,33.33,33.33,33.33,100,0,33.33,299.98
260412,1438,Ffos Las,Savon,Hurdle, ,N,11,16.33,51,51,4,S,g,4,150, ,0,28,9,5,10,99,99,0,0,216,0,6,0,0,0,0,0,Apr,Mdn-Hdle,Mickey Bowen,Richard Patrick,30.72,0,0,5,-20,33.33,33.33,33.33,33.33,50,33.33,0,33.33,249.98
260412,1438,Ffos Las,Shuil Rocco,Hurdle, ,N,11,19,51,51,4,U,g,5,160, ,0,28,9,5,9,99,99,0,0,243,0,5,26.67,0,0,0,0,Apr,Mdn-Hdle,Mickey Bowen,Mr S Fenelon,30.72,44.94,5,7,-20,33.33,33.33,33.33,33.33,50,60,0,33.33,276.65
260412,1445,Leopardstown,Alto Sax,Turf, ,Y,23,18,4,4,6,S,g,5,127,Y,0.61,22,6,5,5,7,11,0,0,534,3,1,20.33,0,0,0,0,Apr,Hcap,Peter Fahey,Ms N Burns,30.23,22.11,5,1,35,100,90,100,100,50,33.33,61,33.33,567.66
260412,1445,Leopardstown,Miss Americana,Turf, ,Y,23,17.66,4,4,6,S,f,4,123,Y,1.83,18,4,6,4,6,10,0,0,538,3,1,4,0,0,0,0,Apr,Hcap,Charles O'Brien,Declan McDonogh,87.1,44.66,0,2,0,70,60,50,33.33,100,100,125,33.33,571.66
260412,1445,Leopardstown,Cleopatra's Needle,Turf, ,Y,23,19.33,9.5,10,6,D,m,8,130,Y,1.1,13,2,6,2,1,8,0,1,580,4,0,5,0,0,0,0,Apr,Hcap,H Rogers,Chris Hayes,45.52,31.13,0,1,0,60,100,100,50,60,100,110,33.33,613.33
260412,1445,Leopardstown,Sedro Woolley,Turf, ,Y,23,59,12,12,6,D,g,4,140,Y,0.76,69,21,12,18,17,99,0,0,339,0,4,0,0,0,0,0,Apr,Hcap,W McCreery,W J Lee,36.39,38.78,0,6,-20,33.33,33.33,33.33,33.33,50,80,76,33.33,372.65
260412,1445,Leopardstown,Searcog,Turf, ,Y,23,24,12,12,6,D,f,4,136,Y,0.64,30,7,12,6,2,9,0,0,514,2,0,54.34,0,0,0,0,Apr,Hcap,Patrick Magee,J M Sheridan,38.62,38.45,0,5,-20,60,70,60,60,100,100,64,33.33,547.33
260412,1445,Leopardstown,Moonlight Molly,Turf, ,Y,23,36.66,29,13,6,D,f,3,127,Y,1.94,81,23,20,20,21,15,0,0,324,1,6,29.33,0,0,0,0,Apr,Hcap,J G Coogan,Reese Holohan,0,24.49,7,9,-30,33.33,33.33,33.33,33.33,33.33,33.33,125,33.33,358.31
260412,1445,Leopardstown,Land Of The Giants,Turf, ,Y,23,22.66,17,15,6,D,g,4,142,Y,0.66,37,9,9,9,12,12,0,0,415,1,3,0.67,0,0,0,0,Apr,Hcap,Adrian McGuinness,Ronan Whelan,36.15,31.14,0,10,-10,33.33,33.33,70,33.33,80,100,66,33.33,449.32
260412,1445,Leopardstown,Comfort Line,Turf, ,Y,23,12.66,15,15,6,S,g,9,140,Y,1.3,12,1,1,3,5,1,0,3,575,2,0,36.67,0,0,0,0,Apr,Hcap,Adrian McGuinness,Gabriella Adela Hill,36.15,37,7,4,180,70,90,100,60,80,50,125,104.91,679.91
260412,1445,Leopardstown,Believeth,Turf, ,Y,23,27,19,17,6,D,f,4,135,Y,1.25,57,13,12,14,18,99,0,0,378,1,4,12,0,0,0,0,Apr,Hcap,J A Stack,Seamie Heffernan,56.21,38.49,0,5,-20,33.33,33.33,33.33,33.33,70,50,125,33.33,411.65
260412,1445,Leopardstown,Launch Time,Turf, ,Y,23,30,13,19,6,S,g,4,131,Y,0.34,49,12,9,13,9,14,0,0,387,0,2,9.01,0,0,0,0,Apr,Hcap,Cian Hughes,Robbie Colgan,30.57,36.16,0,8,-10,90,70,60,33.33,50,50,34,33.33,420.66
260412,1445,Leopardstown,Darwin's Angel,Turf, ,Y,23,351.33,17,19,6,D,f,3,122,Y,0.84,59,16,12,11,13,18,0,0,403,1,3,4,0,0,0,0,Apr,Hcap,S M Duffy,J S Dalton,0,63.22,7,12,-20,33.33,60,60,33.33,33.33,100,84,33.33,437.32
260412,1445,Leopardstown,Heart Of Darkness,Turf, ,Y,23,24.66,19,19,6,S,m,5,133,Y,1.43,48,11,12,8,19,13,0,0,438,2,4,22.33,0,0,0,0,Apr,Hcap,Adrian McGuinness,Adam Caffrey,36.15,38.19,0,5,-20,33.33,33.33,33.33,33.33,80,100,125,33.33,471.65
260412,1445,Leopardstown,Hale Bopp,Turf, ,Y,23,23,19,21,6,S,g,8,125,Y,1.02,40,10,6,16,10,5,0,0,361,1,3,0.67,0,0,0,0,Apr,Hcap,R Donohoe,Jack Cleary,0,13.83,5,12,0,50,50,60,33.33,33.33,33.33,102,80.32,442.31
260412,1445,Leopardstown,Chavajod,Turf, ,Y,23,14.66,19,21,6,S,g,8,136,Y,0,20,5,3,12,4,1,0,1,399,3,4,12.66,0,0,0,0,Apr,Hcap,D P Coakley,Ross Coakley,0,56.74,0,12,130,100,33.33,100,33.33,33.33,100,0,108.19,508.18
260412,1445,Leopardstown,Rampage,Turf, ,Y,23,16.33,19,21,6,D,g,7,142,Y,1.35,17,3,2,1,3,3,0,1,625,4,0,45,0,0,0,0,Apr,Hcap,T G McCourt,J J G Ryan,30.45,37.12,0,13,145,90,50,100,60,100,100,125,104.91,729.91
260412,1445,Leopardstown,Clifftop,Turf, ,Y,23,35.33,26,23,6,D,g,10,123,Y,1.18,65,18,12,17,15,99,0,0,361,1,4,22,0,0,0,0,Apr,Hcap,H Rogers,Siobhan Rutledge,45.52,33.42,3,8,-20,33.33,33.33,33.33,33.33,60,50,118,33.33,394.65
260412,1445,Leopardstown,My Girl Robyn,Turf, ,Y,23,28.33,29,29,6,S,f,4,123,Y,1.03,67,20,20,15,20,15,0,0,366,1,4,4.33,0,0,0,0,Apr,Hcap,Andrew Slattery,Andrew Slattery,49.16,31.39,0,10,-30,33.33,33.33,33.33,33.33,80,50,103,33.33,399.65
260412,1445,Leopardstown,Gobi Star,Turf, ,Y,23,31.66,34,34,6,S,g,8,129,Y,0,66,19,12,22,16,17,0,0,283,1,5,36.67,0,0,0,0,Apr,Hcap,James M Barcoe,Ben Coen,25.2,36.2,0,14,-20,33.33,33.33,50,33.33,33.33,100,0,33.33,316.65
260412,1445,Leopardstown,Swift Charm,Turf, ,Y,23,25.33,29,34,6,S,f,3,121,Y,1.12,57,13,20,10,22,99,0,0,415,2,4,11.33,0,0,0,0,Apr,Hcap,W R Crawford,Wayne Lordan,56.24,42.95,0,12,-30,33.33,33.33,33.33,33.33,70,100,112,33.33,448.65
260412,1445,Leopardstown,Rock Etoile,Turf, ,Y,23,22.33,34,34,6,S,g,8,130,Y,0.93,35,8,4,7,8,4,0,0,459,1,2,21.34,0,0,0,0,Apr,Hcap,P J McKenna,Reserve 2,29.4,0,0,14,100,60,60,100,33.33,33.33,80,93,101.63,561.29
260412,1445,Leopardstown,Romantic War,Turf, ,Y,23,32,41,41,6,D,g,4,122,Y,0,63,17,12,23,14,6,0,0,246,0,6,0,0,0,0,0,Apr,Hcap,J G Murray,Reserve 3,3.07,0,0,11,-20,33.33,33.33,33.33,33.33,33.33,80,0,80.32,326.97
260412,1445,Leopardstown,Bel Espoir,Turf, ,Y,23,33,41,41,6,D,f,4,126,Y,0.49,79,22,20,21,23,99,0,0,295,0,6,12.33,0,0,0,0,Apr,Hcap,James M Barcoe,Luke McAteer,25.2,42.04,0,19,-30,33.33,33.33,33.33,33.33,33.33,80,49,33.33,328.98
260412,1445,Leopardstown,Bang Po,Turf, ,Y,23,31.33,67,51,6,S,g,6,122,Y,0.76,57,13,9,18,11,7,0,0,339,0,4,14.34,0,0,0,0,Apr,Hcap,Liam McAteer,Reserve 1,0,0,0,14,-10,33.33,33.33,33.33,50,33.33,80,76,83.6,422.92
260412,1455,Wincanton,Siorai,Hurdle, ,N,8,4.66,1.62,1.67,4,S,f,4,143, ,0,7,2,2,2,2,2,0,0,426,3,3,93.34,0,0,0,0,Apr,Mdn-Hdle,Harry Derham,Harry Reed,33.47,25.54,0,2,50,60,100,100,33.33,100,33.33,0,106.45,533.11
260412,1455,Wincanton,Eternity Rose,Hurdle, ,N,8,8.66,4,4.33,4,S,g,5,158, ,0,17,4,6,3,4,3,0,0,333,2,5,49.99,0,0,0,0,Apr,Mdn-Hdle,Fergal O'Brien,Jonathan Burke,48.5,31.21,0,5,-30,33.33,33.33,33.33,33.33,100,100,0,87.09,420.41
260412,1455,Wincanton,La Cadalora,Hurdle, ,N,8,6.66,6,6,4,S,m,5,151, ,0,13,3,3,3,5,5,0,0,333,2,5,0,0,0,0,0,Apr,Mdn-Hdle,Harry Fry,Mr Bryan Carver,48.41,50.25,0,7,-10,33.33,33.33,33.33,33.33,100,100,0,33.33,366.65
260412,1455,Wincanton,Louis Des Landes,Hurdle, ,N,8,8,34,19,4,S,g,5,158, ,0,18,5,3,7,5,7,0,0,283,1,5,0,0,0,0,0,Apr,Mdn-Hdle,Joe Tizzard,Mr Frederick Gingell,35.85,48.38,0,5,-10,33.33,33.33,33.33,33.33,50,100,0,33.33,316.65
260412,1455,Wincanton,Pivotal Days,Hurdle, ,N,8,11.33,19,19,4,U,g,4,150, ,0,22,7,5,7,99,99,0,0,283,1,5,0,0,0,0,0,Apr,Mdn-Hdle,Syd Hosie,Ciaran Gethings,38.5,45.55,0,7,-20,33.33,33.33,33.33,33.33,50,100,0,33.33,316.65
260412,1455,Wincanton,Blue Siam,Hurdle, ,N,8,11.66,26,26,4,S,f,4,143, ,0,20,6,6,6,3,4,0,0,283,0,2,0.01,0,0,0,0,Apr,Mdn-Hdle,Syd Hosie,Mr P Hanlon,38.5,37.87,5,5,-30,50,50,50,33.33,50,50,0,82.25,365.58
260412,1455,Wincanton,Trooper,Hurdle, ,N,8,12,51,51,4,S,g,6,158, ,0,22,7,6,3,6,6,0,0,333,2,5,0,0,0,0,0,Apr,Mdn-Hdle,Neil Mulholland,Richie McLernon,43.42,38.08,0,6,-30,33.33,33.33,33.33,33.33,100,100,0,58.06,391.38
260412,1505,Down Royal,King Gris,Hurdle, ,Y,12,8.66,3.5,4,4,S,g,6,150,Y,0,14,3,8,2,3,6,0,0,399,3,4,16.66,0,0,0,0,Apr,Hcap-Nov-Hdle,Gordon Elliott,Jack Kennedy,40.8,43.41,0,1,-20,33.33,33.33,100,33.33,100,100,0,33.33,433.32
260412,1505,Down Royal,Only For Our Man,Hurdle, ,Y,12,11,5,5,4,S,g,6,148,Y,0,24,6,5,5,10,10,0,0,349,2,4,30,0,0,0,0,Apr,Hcap-Nov-Hdle,Paul Nolan,Mr E Staples,28.34,35.27,5,2,-10,50,33.33,33.33,33.33,100,100,0,33.33,383.32
260412,1505,Down Royal,Spellacy's Cross,Hurdle, ,Y,12,14.66,7.5,7.5,4,U,g,7,140,Y,0,28,8,5,7,7,4,0,0,319,1,4,30,0,0,0,0,Apr,Hcap-Nov-Hdle,James M Barcoe,Daniel King,25.2,24.23,0,5,-10,50,70,100,33.33,33.33,33.33,0,53.22,373.21
260412,1505,Down Royal,Stardhem,Hurdle, ,Y,12,11,9,8.5,4,S,g,7,143,Y,0,18,4,8,5,2,8,0,0,349,1,4,0,0,0,0,0,Apr,Hcap-Nov-Hdle,Edward F Power,Mr J Younge,4.25,0,7,1,-20,90,60,100,33.33,33.33,33.33,0,33.33,383.32
260412,1505,Down Royal,Hitthehayson,Hurdle, ,Y,12,12.33,9,9,4,S,g,7,147,Y,0,23,5,7,4,6,2,0,0,366,2,3,16.67,0,0,0,0,Apr,Hcap-Nov-Hdle,Ian Donoghue,Conor Stone-Walsh,35.35,39.4,0,3,-15,33.33,33.33,100,50,50,100,0,90.32,456.98
260412,1505,Down Royal,Dark Lieutenant,Hurdle, ,Y,12,51,10,11,4,U,g,5,144,Y,0,44,12,8,12,12,11,0,0,246,0,6,0,0,0,0,0,Apr,Hcap-Nov-Hdle,P A Fahy,Danny Mullins,11.81,29.31,0,8,-20,33.33,33.33,33.33,33.33,33.33,80,0,33.33,279.98
260412,1505,Down Royal,Mistyburn,Hurdle, ,Y,12,12.66,13,11,4,S,g,6,143,Y,0,28,8,2,10,11,99,0,0,263,0,5,0,0,0,0,0,Apr,Hcap-Nov-Hdle,P J Rothwell,Mr T Power Roche,24.44,30.17,0,3,0,33.33,33.33,33.33,33.33,80,50,0,33.33,296.65
260412,1505,Down Royal,Irish Champ,Hurdle, ,Y,12,10.66,11,12,4,S,g,6,166,Y,0,12,1,1,3,1,1,0,4,383,1,2,16.67,0,0,0,0,Apr,Hcap-Nov-Hdle,S R B Crawford,J J Slevin,17.12,38.69,0,7,50,70,60,60,60,33.33,100,0,112.9,496.23
260412,1505,Down Royal,Rough 'N' Smooth,Hurdle, ,Y,12,27.66,15,15,4,S,g,6,159,Y,0,37,10,12,9,5,9,0,0,286,0,3,23.34,0,0,0,0,Apr,Hcap-Nov-Hdle,Thomas Gibney,James Smith,17.95,38.13,5,4,-30,60,50,60,33.33,33.33,50,0,33.33,319.99
260412,1505,Down Royal,Jukebox Johnny,Hurdle, ,Y,12,9,19,17,4,D,g,6,158,Y,0,13,2,2,1,8,5,0,1,413,2,2,13.34,0,0,0,0,Apr,Hcap-Nov-Hdle,Henry De Bromhead,Darragh O'Keeffe,38.73,39.93,0,254,0,60,70,50,33.33,100,100,0,33.33,446.66
260412,1505,Down Royal,Couldntmakeitup,Hurdle, ,Y,12,13.66,23,23,4,S,g,6,152,Y,0,24,6,4,8,4,3,0,0,289,0,4,3.33,0,0,0,0,Apr,Hcap-Nov-Hdle,J A Nash,Peter Smithers,16,18.05,7,12,-5,60,70,33.33,60,33.33,33.33,0,88.7,378.69
260412,1505,Down Royal,Danny The Champ,Hurdle, ,Y,12,20.66,34,29,4,S,g,5,152,Y,0,37,10,8,10,9,7,0,0,263,0,5,16.67,0,0,0,0,Apr,Hcap-Nov-Hdle,John C McConnell,A Harvey,9.45,7.53,0,9,-20,33.33,33.33,50,33.33,80,33.33,0,33.33,296.65
260412,1513,Ffos Las,Cinquenta,Hurdle, ,N,13,6.33,1.62,1.57,4,D,g,6,164, ,0,4,1,1,1,1,1,0,5,473,3,2,76.67,0,0,0,0,Apr,Nov-Hdle,Jamie Snowden,Gavin Sheehan,35.42,37.03,0,6,30,100,100,90,33.33,50,100,0,95.16,568.49
260412,1513,Ffos Las,My Boy Aaron,Hurdle, ,N,13,9.33,5.5,5.5,4,S,g,6,157, ,0,9,2,2,2,2,4,0,0,396,2,4,36.67,0,0,0,0,Apr,Nov-Hdle,Robert Stephens,Sean Houlihan,52.1,33.54,0,3,15,33.33,33.33,90,40,100,100,0,33.33,429.99
260412,1513,Ffos Las,Ettore,Hurdle, ,N,13,9,6,6.5,4,S,g,4,149, ,0,11,3,3,3,3,3,0,0,359,2,4,26.67,0,0,0,0,Apr,Nov-Hdle,Nicky Henderson,Nico de Boinville,28.86,29.1,0,3,0,60,33.33,33.33,33.33,100,100,0,69.35,429.34
260412,1513,Ffos Las,Bebe And Bean,Hurdle, ,N,13,12.33,7.5,7.5,4,S,g,6,157, ,0,25,4,10,5,99,99,0,0,283,1,5,16.67,0,0,0,0,Apr,Nov-Hdle,Olly Murphy,Sean Bowen,43.1,36.55,0,5,-30,33.33,33.33,33.33,33.33,100,50,0,33.33,316.65
260412,1513,Ffos Las,Vivre Le Reve,Hurdle, ,N,13,16,15,21,4,D,g,4,156, ,0,32,10,5,9,11,8,0,0,246,0,6,0,0,0,0,0,Apr,Nov-Hdle,Ben Pauling,Mr Ben Jones,29.8,37.91,0,254,-20,33.33,33.33,33.33,33.33,33.33,80,0,33.33,279.98
260412,1513,Ffos Las,Annual Invitation,Hurdle, ,N,13,29,41,29,4,S,g,5,157, ,0,30,7,5,6,8,99,0,0,266,1,6,0,0,0,0,0,Apr,Nov-Hdle,Christian Williams,Mr Jack Tudor,27.44,28.72,0,7,-20,33.33,33.33,33.33,33.33,33.33,100,0,33.33,299.98
260412,1513,Ffos Las,Angel Wave,Hurdle, ,N,13,14,41,41,4,S,g,5,157, ,0,30,7,5,11,9,99,0,0,216,0,6,16.67,0,0,0,0,Apr,Nov-Hdle,Sam Thomas,Mr D Johnston,0,37.55,0,7,-20,33.33,33.33,33.33,33.33,33.33,50,0,33.33,249.98
260412,1513,Ffos Las,Berkshire Smudge,Hurdle, ,N,13,14.66,34,41,4,S,g,4,149, ,0,27,6,13,4,4,5,0,0,333,2,5,50,0,0,0,0,Apr,Nov-Hdle,Rebecca Curtis,James Bowen,44.49,24.94,0,6,-40,33.33,33.33,33.33,100,100,33.33,0,64.51,397.83
260412,1513,Ffos Las,Bahati Bahati,Hurdle, ,N,13,21.33,51,51,4,S,g,6,157, ,0,31,9,5,11,6,6,0,0,216,0,6,0,0,0,0,0,Apr,Nov-Hdle,Gordon Treacy,Mr Rian Corcoran,1.39,36.25,5,6,-20,33.33,33.33,33.33,33.33,33.33,50,0,33.33,249.98
260412,1513,Ffos Las,Laios Tresor,Hurdle, ,N,13,59,101,81,4,S,g,5,157, ,0,33,11,10,6,5,9,0,0,266,1,6,0,0,0,0,0,Apr,Nov-Hdle,Ms G Howell,Miss Tabitha Worsley,25,24.47,0,8,-30,33.33,33.33,33.33,33.33,33.33,100,0,33.33,299.98
260412,1513,Ffos Las,Toni's Legacy,Hurdle, ,N,13,20,126,126,4,S,m,5,150, ,0,37,13,10,9,10,2,0,0,246,0,6,30,0,0,0,0,Apr,Nov-Hdle,Kevin Bishop,James Best,0,16.63,0,11,-30,33.33,33.33,33.33,33.33,33.33,80,0,74.19,320.84
260412,1513,Ffos Las,Barford Brook,Hurdle, ,N,13,23,251,201,4,S,g,5,157, ,0,34,12,5,13,99,99,0,0,199,0,7,0,0,0,0,0,Apr,Nov-Hdle,Kevin Bishop,Mr Luke Scott,0,14.81,3,254,-20,33.33,33.33,33.33,33.33,33.33,33.33,0,33.33,233.31
260412,1520,Leopardstown,Syzygy,Turf, ,Y,18,13.33,5,5,4,D,f,4,142,Y,1.02,13,1,7,4,1,14,0,2,501,4,3,3.66,0,0,0,0,Apr,Hcap,Daniel McLoughlin,Scott McCullagh,29.07,25,0,3,-10,100,100,100,33.33,33.33,33.33,102,33.33,535.32
260412,1520,Leopardstown,Fixation,Turf, ,Y,18,22,6.5,5.5,4,U,g,4,139,Y,1.83,34,8,18,1,7,6,0,1,588,4,1,30,0,0,0,0,Apr,Hcap,J P Murtagh,Ben Coen,44.23,36.2,0,2,-50,33.33,70,60,100,100,100,125,83.58,671.91
260412,1520,Leopardstown,Molto Amichi,Turf, ,Y,18,18.66,9.5,10,4,S,g,5,135,Y,0.66,39,9,5,13,12,18,0,0,412,0,2,8.67,0,0,0,0,Apr,Hcap,Eoin Griffin,Seamie Heffernan,2.47,38.49,0,250,0,70,70,33.33,90,33.33,50,66,33.33,445.99
260412,1520,Leopardstown,Little Miss P,Turf, ,Y,18,30.33,10,10,4,U,f,4,133,Y,1.43,55,15,14,12,13,17,0,0,414,1,3,2.33,0,0,0,0,Apr,Hcap,W McCreery,W J Lee,36.39,38.78,0,5,-30,33.33,33.33,60,33.33,50,80,125,33.33,448.32
260412,1520,Leopardstown,Merlin The Wizard,Turf, ,Y,18,20.66,11,11,4,S,g,6,134,Y,1.1,46,13,5,11,18,13,0,0,419,2,3,5,0,0,0,0,Apr,Hcap,R P Cody,Donagh O'Connor,44.29,26.9,0,2,0,33.33,33.33,33.33,50,60,100,110,33.33,453.32
260412,1520,Leopardstown,Sonoran,Turf, ,Y,18,19.66,12,11,4,S,g,4,142,Y,1.12,26,5,15,3,4,9,0,0,508,3,2,6.67,0,0,0,0,Apr,Hcap,G M Lyons,J Kearney,56.39,27.41,3,3,-40,33.33,100,60,33.33,70,100,112,33.33,541.99
260412,1520,Leopardstown,Beat The Devil,Turf, ,Y,18,19.66,11,12,4,U,g,4,123,Y,0.84,46,13,10,9,17,15,0,0,443,2,3,0.99,0,0,0,0,Apr,Hcap,Patrick Magee,R Whearty,38.62,15.89,0,5,-20,33.33,33.33,100,60,100,33.33,84,33.33,477.32
260412,1520,Leopardstown,Pallatine Hills,Turf, ,Y,18,28.66,13,13,4,U,g,4,126,Y,0.93,56,17,15,18,8,8,0,0,356,0,4,0,0,0,0,0,Apr,Hcap,Edward P Harty,J A Powell,20.03,21.84,0,12,-40,33.33,33.33,50,33.33,33.33,80,93,85.07,441.39
260412,1520,Leopardstown,Vega's Muse,Turf, ,Y,18,13.66,13,13,4,S,f,4,137,Y,0.76,14,2,4,6,2,2,0,0,489,1,1,28.67,0,0,0,0,Apr,Hcap,Mrs John Harrington,K G Kennedy,31.9,16.62,5,3,10,60,70,100,70,80,33.33,76,100,589.33
260412,1520,Leopardstown,Battle Borne,Turf, ,Y,18,22.66,21,15,4,S,g,4,131,Y,1.94,55,15,10,17,15,16,0,0,391,2,5,35.33,0,0,0,0,Apr,Hcap,P J McKenna,P McGettigan,29.4,31.55,5,10,-20,33.33,33.33,33.33,33.33,33.33,100,125,33.33,424.98
260412,1520,Leopardstown,Anvika,Turf, ,Y,18,15,21,17,4,D,m,5,137,Y,1.03,29,7,3,10,9,10,0,0,443,1,0,23.01,0,0,0,0,Apr,Hcap,Ms Sheila Lavery,Robbie Colgan,31.5,36.16,0,17,50,70,50,60,60,50,50,103,33.33,476.33
260412,1520,Leopardstown,Walhaan,Turf, ,Y,18,16,17,17,4,S,g,10,139,Y,0.64,22,3,1,7,3,3,0,1,460,2,2,5.67,0,0,0,0,Apr,Hcap,Ciaran Murphy,Ms N Burns,28.39,22.11,5,8,110,100,70,60,100,33.33,33.33,64,95.52,556.18
260412,1520,Leopardstown,Gotta Catch'em All,Turf, ,Y,18,25.33,15,17,4,S,g,6,126,Y,1.25,40,10,15,5,6,7,0,0,498,2,1,9,0,0,0,0,Apr,Hcap,H Rogers,Adam Caffrey,45.52,38.19,0,4,-40,33.33,70,50,60,60,100,125,33.33,531.66
260412,1520,Leopardstown,Faoladh,Turf, ,Y,18,15.33,15,19,4,U,g,4,128,Y,1.3,26,5,7,2,14,5,0,0,558,3,1,49.67,0,0,0,0,Apr,Hcap,Andrew Slattery,Andrew Slattery,49.16,31.39,0,9,-10,33.33,70,100,100,80,50,125,88.05,646.38
260412,1520,Leopardstown,Loingseoir,Turf, ,Y,18,29,26,23,4,S,g,10,133,Y,0.49,44,11,7,16,5,4,0,0,392,1,2,0.68,0,0,0,0,Apr,Hcap,M C Grassick,N G McCullagh,38.7,36.33,0,14,-10,50,60,50,33.33,50,100,49,89.55,481.88
260412,1520,Leopardstown,Va Va Vroom,Turf, ,Y,18,49.66,21,23,4,D,f,4,143,Y,0.34,58,18,10,14,16,11,0,0,403,2,4,8,0,0,0,0,Apr,Hcap,Gavin Cromwell,Reese Holohan,43.13,24.49,7,5,-20,33.33,70,33.33,100,100,33.33,34,33.33,437.32
260412,1520,Leopardstown,Navagio,Turf, ,Y,18,14,23,29,4,S,g,7,136,Y,1.35,25,4,2,8,11,1,0,1,454,1,3,11,0,0,0,0,Apr,Hcap,Ciaran Murphy,Luke McAteer,28.39,42.04,0,15,55,60,33.33,33.33,90,33.33,80,125,89.55,544.54
260412,1520,Leopardstown,Spent All Me Money,Turf, ,Y,18,19,26,34,4,S,g,4,135,Y,0.76,44,11,13,15,10,12,0,0,395,1,3,3.66,0,0,0,0,Apr,Hcap,A Sexton,Wesley Joyce,7.27,28.28,3,11,-25,33.33,50,100,70,33.33,33.33,76,33.33,429.32
260412,1527,Wincanton,Redbridge Rambler,Chase, ,Y,6,4,2.88,3.5,5,S,g,8,167, ,0,7,1,2,1,2,3,0,2,353,1,2,16.67,0,0,0,0,Apr,Hcap-Cha,Martin Keighley,Tom Bellamy,32.46,41.76,0,4,50,60,60,50,33.33,50,100,0,33.33,386.66
260412,1527,Wincanton,Calgary Tiger,Chase, ,Y,6,3.66,3.25,4,5,D,g,11,168, ,0,7,1,1,2,3,1,0,3,336,1,4,3.34,0,0,0,0,Apr,Hcap-Cha,W De Best-Turner,Brendan Powell,6.25,32.26,0,5,110,100,50,33.33,40,33.33,80,0,106.89,443.55
260412,1527,Wincanton,My Rockstar,Chase, ,Y,6,7.66,7,4.33,5,S,g,10,143, ,0,16,4,3,6,1,2,0,1,259,0,4,0,0,0,0,0,Apr,Hcap-Cha,Helen Rees,Benjamin Godfrey,11.1,32.27,0,5,30,50,33.33,60,33.33,33.33,50,0,33.33,293.32
260412,1527,Wincanton,Richforadaay,Chase, ,Y,6,7.33,5,5,5,S,g,6,144, ,0,16,4,4,5,4,4,0,0,299,1,4,40,0,0,0,0,Apr,Hcap-Cha,I Chanin,Ciaran Gethings,0.85,45.55,0,4,-10,50,33.33,50,33.33,33.33,100,0,33.33,333.32
260412,1527,Wincanton,Daany,Chase, ,Y,6,7.33,17,8,5,S,g,9,148, ,0,15,3,5,3,99,99,0,0,333,2,5,30,0,0,0,0,Apr,Hcap-Cha,J Tickle,Mr Bryan Carver,17.36,50.25,0,11,-20,33.33,33.33,100,33.33,33.33,100,0,33.33,366.65
260412,1527,Wincanton,No Guarantee,Chase, ,Y,6,8.66,13,15,5,S,g,6,152, ,0,17,6,5,4,99,99,0,0,303,1,5,3.33,0,0,0,0,Apr,Hcap-Cha,Alexander Gibbons,Mr James Turner,0,58,5,254,-20,33.33,33.33,100,33.33,33.33,70,0,33.33,336.65
260412,1535,Down Royal,Cozone,Hurdle, ,Y,21,10.66,4.5,5,5,S,g,9,168,Y,0,7,1,2,3,1,4,0,2,383,2,2,33.34,0,0,0,0,Apr,Hcap-Hdle,Matthew J Smith,James Smith,24.13,38.13,5,1,130,100,50,100,50,33.33,50,0,91.52,474.85
260412,1535,Down Royal,Lecale's Diamond,Hurdle, ,Y,21,23.33,6,5.5,5,D,g,6,154,Y,0,45,10,16,8,15,17,0,0,329,1,4,33.33,0,0,0,0,Apr,Hcap-Hdle,Gavin Cromwell,Keith Donoghue,43.13,44.35,0,6,-40,50,33.33,33.33,33.33,100,80,0,33.33,363.32
260412,1535,Down Royal,Duce Bigalow,Hurdle, ,Y,21,23.66,7,7,5,D,g,7,147,Y,0,49,13,13,20,12,7,0,0,199,0,7,0,0,0,0,0,Apr,Hcap-Hdle,Colm Ryan,G B Noonan,0,13.65,0,2,-30,33.33,33.33,33.33,33.33,33.33,33.33,0,47.45,247.43
260412,1535,Down Royal,Coppola,Hurdle, ,Y,21,13,7,7.5,5,S,m,7,152,Y,0,13,3,6,1,3,10,0,1,453,3,2,40,0,0,0,0,Apr,Hcap-Hdle,Gordon Elliott,Jack Kennedy,40.8,43.41,0,2,20,100,33.33,60,60,100,100,0,33.33,486.66
260412,1535,Down Royal,Joya Del Mar,Hurdle, ,Y,21,26.33,12,12,5,S,m,8,162,Y,0,26,6,3,6,4,2,0,0,333,0,2,0.01,0,0,0,0,Apr,Hcap-Hdle,Dermot Anthony McLoughlin,Danny Mullins,21.03,29.31,0,4,95,70,50,50,50,33.33,80,0,100,433.33
260412,1535,Down Royal,Artic Chief,Hurdle, ,Y,21,355.66,34,13,5,D,g,5,148,Y,0,78,21,20,18,20,15,0,0,226,0,6,10,0,0,0,0,Apr,Hcap-Hdle,Liam Lennon,Donagh Meyler,18.93,48.86,0,254,-50,33.33,33.33,33.33,33.33,33.33,60,0,33.33,259.98
260412,1535,Down Royal,Kellys Corner,Hurdle, ,Y,21,22.33,11,13,5,D,g,5,163,Y,0,44,9,7,17,11,18,0,0,243,0,5,16.67,0,0,0,0,Apr,Hcap-Hdle,C Collins,Mr Kevin Healy,40.38,0,7,4,5,50,33.33,33.33,33.33,60,33.33,0,33.33,276.65
260412,1535,Down Royal,Knocknagoran Lady,Hurdle, ,Y,21,29.33,15,15,5,S,m,7,150,Y,0,47,11,9,19,8,8,0,0,216,0,6,16.67,0,0,0,0,Apr,Hcap-Hdle,Cian Hughes,Daniel King,30.57,24.23,0,8,-20,33.33,33.33,33.33,33.33,50,33.33,0,33.33,249.98
260412,1535,Down Royal,Wakey Wakey Man,Hurdle, ,Y,21,21,15,15,5,S,g,6,156,Y,0,36,7,9,12,10,9,0,0,269,0,4,6.67,0,0,0,0,Apr,Hcap-Hdle,C Collins,Mr J C Gainford,40.38,31.42,0,4,-20,60,33.33,33.33,33.33,60,50,0,61.01,331
260412,1535,Down Royal,Head For Home,Hurdle, ,Y,21,27,15,15,5,S,g,6,148,Y,0,47,11,16,7,14,12,0,0,333,2,5,3.33,0,0,0,0,Apr,Hcap-Hdle,Oliver McKiernan,Phillip Enright,42.79,25.63,0,5,-40,33.33,33.33,33.33,33.33,100,100,0,33.33,366.65
260412,1535,Down Royal,Take Chance,Hurdle, ,Y,21,10.66,17,15,5,S,g,6,165,Y,0,12,2,1,3,7,1,0,2,383,1,2,0,0,0,0,0,Apr,Hcap-Hdle,John C McConnell,Miss A McGuinness,9.45,19.84,7,3,140,60,50,60,100,80,33.33,0,100,483.33
260412,1535,Down Royal,John Storey,Hurdle, ,Y,21,25,15,15,5,D,g,8,161,Y,0,25,5,4,2,6,4,0,0,413,2,2,30,0,0,0,0,Apr,Hcap-Hdle,Ian Donoghue,Conor Stone-Walsh,35.35,39.4,0,254,85,70,60,100,33.33,50,100,0,84.74,498.07
260412,1535,Down Royal,Diaduit Buachaill,Hurdle, ,Y,21,37.66,17,19,5,S,g,5,161,Y,0,49,13,13,9,9,13,0,0,296,0,3,3.34,0,0,0,0,Apr,Hcap-Hdle,Gary McGill,Mr D McGill,40.25,52.35,7,8,-30,50,33.33,33.33,50,60,70,0,33.33,329.99
260412,1535,Down Royal,Georginas Jet,Hurdle, ,Y,21,34.33,21,21,5,S,m,5,152,Y,0,41,8,8,11,5,2,0,0,276,0,3,6.67,0,0,0,0,Apr,Hcap-Hdle,Paul John Gilligan,Mr Jack Gilligan,25.52,20.75,5,254,-10,60,50,50,50,33.33,33.33,0,108.47,385.13
260412,1535,Down Royal,Jack Inthe Jukebox,Hurdle, ,Y,21,33.33,23,21,5,D,g,6,157,Y,0,54,16,13,10,18,20,0,0,293,1,5,16.66,0,0,0,0,Apr,Hcap-Hdle,J P Flavin,Darragh O'Keeffe,48.56,39.93,0,9,-30,33.33,33.33,33.33,33.33,60,100,0,33.33,326.65
260412,1535,Down Royal,Ardera Gun,Hurdle, ,Y,21,51.33,34,26,5,S,g,6,157,Y,0,65,19,16,14,16,14,0,0,249,0,4,3.34,0,0,0,0,Apr,Hcap-Hdle,Eoin Doyle,P J Cody,37.16,36.77,7,10,-40,33.33,33.33,33.33,50,50,50,0,33.33,283.32
260412,1535,Down Royal,Peppers Corner,Hurdle, ,Y,21,30,34,34,5,D,m,7,151,Y,0,55,17,9,15,19,19,0,0,246,0,6,3.33,0,0,0,0,Apr,Hcap-Hdle,Edward F Power,Reserve 1,4.25,0,0,10,-20,33.33,33.33,33.33,33.33,33.33,80,0,33.33,279.98
260412,1535,Down Royal,Sphagnum,Hurdle, ,Y,21,16,34,34,5,D,g,9,168,Y,0,19,4,5,5,2,6,0,0,349,2,4,16.66,0,0,0,0,Apr,Hcap-Hdle,J P Broderick,Dillon Maxwell,4.58,0,5,8,60,100,50,100,33.33,33.33,33.33,0,84.74,434.73
260412,1535,Down Royal,Lady Iseult,Hurdle, ,Y,21,351,34,41,5,D,m,11,153,Y,0,59,18,9,20,99,99,0,0,199,0,7,0,0,0,0,0,Apr,Hcap-Hdle,Dermot Anthony McLoughlin,P J O'Hanlon,21.03,23.86,0,0,-20,33.33,33.33,33.33,33.33,33.33,33.33,0,33.33,233.31
260412,1535,Down Royal,Youknowme,Hurdle, ,Y,21,40,41,51,5,S,g,5,142,Y,0,68,20,20,15,17,16,0,0,246,0,6,0,0,0,0,0,Apr,Hcap-Hdle,P J Rothwell,Dylan Robinson,24.44,7.92,0,11,-50,33.33,33.33,33.33,33.33,80,33.33,0,33.33,279.98
260412,1535,Down Royal,Imbolc,Hurdle, ,Y,21,26.33,51,67,5,S,g,8,140,Y,0,50,15,16,13,13,11,0,0,263,0,6,13.33,0,0,0,0,Apr,Hcap-Hdle,E Sheehy,S Cleary-Farrell,8.16,66.76,7,18,-40,33.33,33.33,33.33,40,33.33,90,0,50.84,314.16
260412,1545,Musselburgh,Adonius,Turf, ,N,5,3.33,1.5,1.57,2,U,g,2,135, ,1.12,5,1,2,1,1,1,4,4,528,3,2,52,0,0,0,0,Apr,Nov,Rebecca Menzies,Kaiya Fraser,29.51,39.24,0,1,-10,33.33,70,100,100,33.33,80,112,33.33,561.99
260412,1545,Musselburgh,Penny Arcade,Turf, ,N,5,4.33,4.5,4.33,2,D,f,2,125, ,0.81,10,3,2,4,99,99,2,0,374,0,4,86.34,0,0,0,0,Apr,Nov,K R Burke,S H James,42.74,36.63,0,0,-10,33.33,33.33,33.33,33.33,80,80,81,33.33,407.65
260412,1545,Musselburgh,Rlasthope,Turf, ,N,5,4.66,7,6,2,S,g,2,130, ,0.7,9,2,2,2,2,2,1,1,476,2,2,79.34,0,0,0,0,Apr,Nov,Tony Coyle,David Nolan,53.72,42,0,5,-10,70,33.33,70,33.33,100,100,70,33.33,509.99
260412,1545,Musselburgh,Ponte Carlo,Turf, ,N,5,6,29,21,2,D,c,2,130, ,0.84,13,4,4,3,99,99,4,0,397,1,4,23,0,0,0,0,Apr,Nov,Tim Easterby,David Allan,33.15,41.54,0,0,-20,33.33,33.33,33.33,33.33,80,100,84,33.33,430.65
260412,1550,Ffos Las,Thewoodcorner,Hurdle, ,Y,13,8,3.25,2.75,4,D,g,4,150, ,0,9,1,1,4,3,2,0,2,463,3,2,3.33,0,0,0,0,Apr,Hcap-Hdle,Nicky Henderson,James Bowen,28.86,24.94,0,3,120,100,100,70,60,100,33.33,0,111.29,574.62
260412,1550,Ffos Las,Manigod,Hurdle, ,Y,13,15.66,5,5,4,S,g,5,166, ,0,23,5,9,1,2,8,0,1,493,3,2,3.33,0,0,0,0,Apr,Hcap-Hdle,Warren Greatrex,Harry Bannister,30.95,40.7,0,1,0,100,100,100,33.33,80,80,0,79.03,572.36
260412,1550,Ffos Las,Mossy Fen Coolio,Hurdle, ,Y,13,14.66,6,6,4,S,g,6,159, ,0,22,4,6,1,5,9,0,1,493,3,2,0,0,0,0,0,Apr,Hcap-Hdle,Jonjo O'Neill,Jonjo O'Neill Jr,47.18,48.33,0,2,10,100,33.33,100,80,80,100,0,33.33,526.66
260412,1550,Ffos Las,Milldam,Hurdle, ,Y,13,11,11,9.5,4,D,g,8,170, ,0,30,9,5,11,12,10,0,0,366,2,3,13.33,0,0,0,0,Apr,Hcap-Hdle,Jamie Snowden,Gavin Sheehan,35.42,37.03,0,4,40,100,50,33.33,33.33,50,100,0,33.33,399.99
260412,1550,Ffos Las,Shabalko d'Herm,Hurdle, ,Y,13,15.66,13,15,4,D,g,6,170, ,0,39,11,11,13,10,99,0,0,283,1,5,0,0,0,0,0,Apr,Hcap-Hdle,Nigel Twiston-Davies,Sam Twiston-Davies,24.28,31.89,0,6,-20,100,33.33,33.33,33.33,33.33,50,0,33.33,316.65
260412,1550,Ffos Las,Tradecraft,Hurdle, ,Y,13,15.66,11,15,4,S,g,7,163, ,0,39,11,12,10,13,12,0,0,369,2,4,3.33,0,0,0,0,Apr,Hcap-Hdle,Nicky Henderson,Nico de Boinville,28.86,29.1,0,254,-30,70,33.33,33.33,33.33,100,100,0,33.33,403.32
260412,1550,Ffos Las,Jack's Jury,Hurdle, ,Y,13,14,21,15,4,U,g,6,143, ,0,34,10,10,7,9,6,0,0,423,2,2,26.67,0,0,0,0,Apr,Hcap-Hdle,Barry T Murphy,Mr Callum Pritchard,0.91,31.03,3,3,-10,50,60,100,100,33.33,80,0,66.12,489.45
260412,1550,Ffos Las,El Gavilan,Hurdle, ,Y,13,12,17,17,4,S,g,5,159, ,0,25,7,4,8,6,3,0,0,396,2,3,3.33,0,0,0,0,Apr,Hcap-Hdle,Clive Boultbee-Brooks,Richard Patrick,11.32,0,0,5,50,60,70,100,100,33.33,33.33,0,101.61,498.27
260412,1550,Ffos Las,Watchful Protector,Hurdle, ,Y,13,17.66,21,23,4,S,g,6,168, ,0,41,13,12,12,8,11,0,0,353,1,2,70.01,0,0,0,0,Apr,Hcap-Hdle,Mickey Bowen,Sean Bowen,30.72,36.55,0,5,-30,70,50,100,33.33,50,50,0,33.33,386.66
260412,1550,Ffos Las,Meatloaf,Hurdle, ,Y,13,9.33,21,23,4,S,g,7,165, ,0,24,6,1,9,11,4,0,1,393,2,3,23.34,0,0,0,0,Apr,Hcap-Hdle,Paul Nicholls,Miss Olive Nicholls,43.32,43.35,5,6,120,60,33.33,100,40,100,60,0,69.35,462.68
260412,1555,Leopardstown,Flushing Meadows,Turf, ,N,11,10.66,4.33,4.5,1,S,c,3,131,Y,1.09,19,5,3,3,6,6,0,0,532,3,1,6.67,0,0,0,0,Apr,Gp3,A P O'Brien,Ryan Moore,42.23,35.37,0,2,-20,70,33.33,60,60,100,100,109,33.33,565.66
260412,1555,Leopardstown,Power Blue,Turf, ,N,11,12,4.5,5,1,S,c,3,134,Y,0.78,30,10,6,11,7,99,0,0,377,0,3,0,0,0,0,0,Apr,Gp3,Robson Aguiar,D Egan,20.24,32.78,0,1,-30,70,50,33.33,33.33,33.33,80,78,33.33,411.32
260412,1555,Leopardstown,Dorset,Turf, ,N,11,6.66,6.5,5,1,S,c,3,131,Y,1.18,6,1,2,1,2,1,0,3,641,5,1,36.33,0,0,0,0,Apr,Gp3,A P O'Brien,Jack Cleary,42.23,13.83,0,1,-10,90,100,100,100,100,33.33,118,81.57,722.9
260412,1555,Leopardstown,Trojan Warrior,Turf, ,N,11,9.66,7.5,7.5,1,U,c,3,131,Y,0.89,18,4,3,5,8,99,0,0,488,3,3,13.33,0,0,0,0,Apr,Gp3,A P O'Brien,Wayne Lordan,42.23,42.95,0,1,-20,33.33,100,33.33,33.33,100,100,89,33.33,522.32
260412,1555,Leopardstown,Thesecretadversary,Turf, ,N,11,10,8,8,1,S,c,3,131,Y,1.58,13,2,6,2,1,2,0,1,605,3,0,72.67,0,0,0,0,Apr,Gp3,J A Stack,Seamie Heffernan,56.21,38.49,0,1,-30,100,70,100,90,70,50,125,78.94,683.94
260412,1555,Leopardstown,Geryon,Turf, ,N,11,10.33,8.5,9.5,1,S,c,3,131,Y,0.93,16,3,3,7,3,5,0,0,469,1,2,0.67,0,0,0,0,Apr,Gp3,G M Lyons,Gary Carroll,56.39,29.77,0,2,-20,70,70,100,33.33,70,33.33,93,33.33,502.99
260412,1555,Leopardstown,The Publican's Son,Turf, ,N,11,13.33,12,12,1,S,c,3,131,Y,1.09,29,8,2,8,10,99,0,0,468,3,3,37.67,0,0,0,0,Apr,Gp3,Joseph Patrick O'Brien,J M Sheridan,45.67,38.45,0,8,-10,60,33.33,33.33,33.33,100,100,109,33.33,502.32
260412,1555,Leopardstown,Warsaw,Turf, ,N,11,11.33,13,15,1,S,c,3,131,Y,0.98,29,8,6,9,9,99,0,0,431,2,4,2.33,0,0,0,0,Apr,Gp3,A P O'Brien,Ronan Whelan,42.23,31.14,0,10,-30,33.33,33.33,33.33,33.33,100,100,98,33.33,464.65
260412,1555,Leopardstown,Mumhan,Turf, ,N,11,15,34,29,1,S,c,3,131,Y,0.89,38,11,11,10,8,3,0,0,428,0,3,51,0,0,0,0,Apr,Gp3,J S Bolger,Oisin Murphy,61.46,54.56,0,5,-40,33.33,70,33.33,33.33,90,80,89,60.52,489.51
260412,1555,Leopardstown,Iron Lily,Turf, ,N,11,12.66,23,29,1,U,c,3,131,Y,0.99,23,6,6,4,5,7,0,0,525,2,2,36.67,0,0,0,0,Apr,Gp3,Mrs John Harrington,W J Lee,31.9,38.78,0,1,-30,33.33,100,100,33.33,80,80,99,33.33,558.99
260412,1555,Leopardstown,Redemption Road,Turf, ,N,11,26.33,101,81,1,U,g,3,131,Y,0.69,27,7,6,6,4,4,0,0,475,2,2,6,0,0,0,0,Apr,Gp3,David Marnane,Luke McAteer,67.79,42.04,0,3,-30,33.33,60,100,33.33,100,80,69,68.42,544.08
260412,1600,Wincanton,Khafre,Hurdle, ,Y,6,10.66,3.25,3.5,3,U,g,6,163, ,0,21,6,6,5,4,5,0,0,353,1,2,3.34,0,0,0,0,Apr,Hcap-Hdle,Syd Hosie,Mr P Hanlon,38.5,37.87,5,1,-30,33.33,100,60,60,50,50,0,33.33,386.66
260412,1600,Wincanton,John Barbour,Hurdle, ,Y,6,4.66,4.33,3.75,3,D,g,7,168, ,0,8,1,4,1,2,3,0,2,560,4,1,90,0,0,0,0,Apr,Hcap-Hdle,Fergal O'Brien,Jonathan Burke,48.5,31.21,0,254,35,100,70,100,90,100,100,0,33.33,593.33
260412,1600,Wincanton,Nardaran,Hurdle, ,Y,6,5,5.5,5.5,3,D,g,5,164, ,0,17,5,2,6,6,6,0,0,349,1,4,0,0,0,0,0,Apr,Hcap-Hdle,Paul Nicholls,Harry Cobden,43.32,42.26,0,6,90,70,33.33,33.33,33.33,100,80,0,33.33,383.32
260412,1600,Wincanton,Time To Bite,Hurdle, ,Y,6,7,5.5,5.5,3,S,g,11,149, ,0,14,4,5,4,1,4,0,1,456,3,3,103.33,0,0,0,0,Apr,Hcap-Hdle,Chris Honour,Mr Bryan Carver,0,50.25,0,3,-20,100,90,100,33.33,33.33,100,0,82.08,538.74
260412,1600,Wincanton,Doc McCoy,Hurdle, ,Y,6,4.66,7,7.5,3,S,g,8,165, ,0,11,2,3,3,3,2,0,0,460,1,1,3.34,0,0,0,0,Apr,Hcap-Hdle,Jamie Snowden,Miss Isabelle Ryder,35.42,49.77,5,254,60,70,90,100,90,50,60,0,98.5,558.5
260412,1600,Wincanton,Reallyntruthfully,Hurdle, ,Y,6,5.66,10,10,3,S,g,7,163, ,0,13,3,1,2,5,1,0,2,470,2,1,10,0,0,0,0,Apr,Hcap-Hdle,Kim Bailey,Tom Bellamy,47.24,41.76,0,254,110,50,70,100,90,60,100,0,111.94,581.94
260412,1607,Down Royal,Sandor Clegane,Chase, ,N,6,4,2.1,2,4,D,g,9,166,Y,0,7,2,1,3,1,1,0,3,349,2,4,66.67,0,0,0,0,Apr,Cha,Paul Nolan,Mr E Staples,28.34,35.27,5,10,30,33.33,50,33.33,33.33,100,100,0,33.33,383.32
260412,1607,Down Royal,Meet And Greet,Chase, ,N,6,5,3,3,4,D,g,10,166,Y,0,11,3,3,2,3,3,0,0,399,3,4,50,0,0,0,0,Apr,Cha,Oliver McKiernan,Phillip Enright,42.79,25.63,0,8,-10,33.33,33.33,100,33.33,100,100,0,33.33,433.32
260412,1607,Down Royal,Ballybow,Chase, ,N,6,3.66,3.5,3.5,4,D,g,7,166,Y,0,6,1,2,1,2,2,0,2,406,3,4,6.67,0,0,0,0,Apr,Cha,Gordon Elliott,Jack Kennedy,40.8,43.41,0,9,0,33.33,33.33,100,40,100,100,0,33.33,439.99
260412,1607,Down Royal,Written In My Soul,Chase, ,N,6,8.33,51,51,4,U,m,6,159,Y,0,16,4,4,4,99,99,0,0,283,1,5,83.34,0,0,0,0,Apr,Cha,E D Delany,Mr J C Gainford,24.68,31.42,0,6,-20,33.33,33.33,33.33,33.33,100,50,0,33.33,316.65
260412,1607,Down Royal,Astley,Chase, ,N,6,8.66,101,101,4,S,g,6,166,Y,0,16,4,4,5,99,99,0,0,199,0,7,0,0,0,0,0,Apr,Cha,Paul Traynor,A Harvey,0,7.53,0,5,-20,33.33,33.33,33.33,33.33,33.33,33.33,0,33.33,233.31
260412,1607,Down Royal,Villagers Cross,Chase, ,N,6,15.33,101,101,4,U,g,6,166,Y,0,18,6,4,5,99,99,0,0,199,0,7,0,0,0,0,0,Apr,Cha,Paul John Gilligan,Mr Jack Gilligan,25.52,20.75,5,7,-20,33.33,33.33,33.33,33.33,33.33,33.33,0,33.33,233.31
260412,1615,Musselburgh,Blues And Royals,Turf, ,Y,13,10.33,3.75,3.5,5,S,g,3,134, ,1.08,23,6,7,4,10,3,1,1,507,4,3,18.33,0,0,0,0,Apr,Hcap,Michael Bell,Hector Crouch,51.13,39.66,0,1,-20,33.33,33.33,100,33.33,100,100,108,89.06,597.05
260412,1615,Musselburgh,Suddenly I See,Turf, ,Y,13,9.33,6,5.5,5,D,c,3,134, ,1.17,8,2,3,2,2,6,6,0,580,4,1,60.67,0,0,0,0,Apr,Hcap,Charlie Johnston,Connor Beasley,30.44,38.4,0,1,-10,100,100,33.33,100,50,80,117,33.33,613.66
260412,1615,Musselburgh,Just A Gambler,Turf, ,Y,13,11.66,9,9,5,S,g,3,130, ,1.38,22,4,3,7,7,5,6,0,474,3,3,12,0,0,0,0,Apr,Hcap,Charlie Johnston,Callum Shepherd,30.44,38.65,0,3,-10,33.33,33.33,100,33.33,50,100,125,79.68,554.67
260412,1615,Musselburgh,Keep An Eye On It,Turf, ,Y,13,13.33,9,10,5,S,g,3,128, ,1.03,27,8,13,5,3,7,5,0,489,3,2,9.33,0,0,0,0,Apr,Hcap,Tony Coyle,David Nolan,53.72,42,0,2,-30,60,60,33.33,33.33,100,100,103,33.33,522.99
260412,1615,Musselburgh,Kameko Fever,Turf, ,Y,13,18.66,9.5,11,5,U,g,3,126, ,1.22,34,11,7,10,99,99,2,0,435,2,4,20,0,0,0,0,Apr,Hcap,Richard Fahey,Billy Garritty,47.11,31.59,0,2,-20,33.33,33.33,33.33,33.33,80,100,122,33.33,468.65
260412,1615,Musselburgh,Alkumatic Jo Jo,Turf, ,Y,13,11.33,11,12,5,S,f,3,130, ,0.73,19,3,3,8,5,9,10,0,462,2,3,26.67,0,0,0,0,Apr,Hcap,Ivan Furtado,Paul Mulrennan,39.86,32.49,0,2,-10,33.33,33.33,90,33.33,100,100,73,33.33,496.32
260412,1615,Musselburgh,Thestral,Turf, ,Y,13,13.33,15,15,5,S,g,3,128, ,1.22,32,9,7,12,99,99,9,0,405,2,4,56,0,0,0,0,Apr,Hcap,Hugo Palmer,Cieren Fallon,37.23,35.49,0,8,-20,33.33,33.33,33.33,33.33,50,100,122,33.33,438.65
260412,1615,Musselburgh,Supreme Clarets,Turf, ,Y,13,14.66,21,17,5,D,g,3,129, ,1.07,22,4,3,6,4,2,4,0,480,2,1,5.34,0,0,0,0,Apr,Hcap,Richard Fahey,Oisin Orr,47.11,37.92,0,6,-10,50,33.33,60,50,80,100,107,84.37,564.7
260412,1615,Musselburgh,Parole Officer,Turf, ,Y,13,17,17,21,5,U,g,3,124, ,1.03,35,12,7,9,9,10,13,0,436,3,4,1,0,0,0,0,Apr,Hcap,Ewan Whillans,Rowan Scott,34.25,31.64,0,4,-20,33.33,33.33,33.33,33.33,100,100,103,33.33,469.65
260412,1615,Musselburgh,Ibn Altheeb,Turf, ,Y,13,13,21,23,5,S,g,3,132, ,1.03,24,7,7,3,6,4,11,0,519,4,2,11.67,0,0,0,0,Apr,Hcap,Iain Jardine,Lewis Edmunds,42.01,42.44,0,7,-20,33.33,50,100,33.33,100,100,103,85.93,605.59
260412,1615,Musselburgh,Mayaada,Turf, ,Y,13,9,29,29,5,D,f,3,135, ,0.88,7,1,1,1,1,1,3,5,638,4,0,57.67,0,0,0,0,Apr,Hcap,Ollie Sangster,S H James,34.77,36.63,0,9,45,100,70,100,100,100,80,88,101.56,739.56
260412,1620,Ffos Las,Boston Joe,Chase, ,Y,12,5.66,4,4,5,S,g,10,168, ,0,4,1,1,1,1,1,0,5,580,5,1,146.67,0,0,0,0,Apr,Hcap-Cha,Rebecca Curtis,Mr Ben Jones,44.49,37.91,0,1,80,100,100,100,100,100,80,0,33.33,613.33
260412,1620,Ffos Las,Lunar Ocean,Chase, ,Y,12,8.66,5,5.5,5,S,g,7,147, ,0,10,2,4,2,2,2,0,0,433,2,2,26.67,0,0,0,0,Apr,Hcap-Cha,Billy Aprahamian,Gavin Sheehan,33.91,37.03,0,2,10,70,60,70,33.33,100,100,0,87.93,521.26
260412,1620,Ffos Las,Manhattan Valley,Chase, ,Y,12,16.66,5.5,6.5,5,D,g,6,156, ,0,33,11,11,7,99,99,0,0,266,1,6,0,0,0,0,0,Apr,Hcap-Cha,Christian Williams,Mr Jack Tudor,27.44,28.72,0,254,-30,33.33,33.33,33.33,33.33,33.33,100,0,33.33,299.98
260412,1620,Ffos Las,L'Empire Vert,Chase, ,Y,12,12,8,6.5,5,S,g,6,160, ,0,20,4,3,5,5,6,0,0,289,0,4,0,0,0,0,0,Apr,Hcap-Cha,Sheila Lewis,Mr Callum Pritchard,23.47,31.03,3,2,30,60,50,33.33,33.33,33.33,80,0,33.33,323.32
260412,1620,Ffos Las,Devilsrollthedice,Chase, ,Y,12,15.33,7,7.5,5,S,g,6,149, ,0,28,9,7,7,99,99,0,0,266,1,6,50,0,0,0,0,Apr,Hcap-Cha,Gordon Treacy,Sean Houlihan,1.39,33.54,0,254,-20,33.33,33.33,33.33,33.33,33.33,100,0,33.33,299.98
260412,1620,Ffos Las,Just Aidan,Chase, ,Y,12,12.66,8,8.5,5,S,g,7,157, ,0,26,6,11,4,6,7,0,0,309,0,4,20,0,0,0,0,Apr,Hcap-Cha,Harriet Dickin,James Best,25.1,16.63,0,5,-30,50,33.33,33.33,33.33,80,80,0,33.33,343.32
260412,1620,Ffos Las,Golden Millie,Chase, ,Y,12,13,15,13,5,S,m,8,158, ,0,26,6,7,9,99,99,0,0,216,0,6,0,0,0,0,0,Apr,Hcap-Cha,Dan Horsford,Charlie Deutsch,0,31.77,0,7,-20,33.33,33.33,33.33,33.33,33.33,50,0,33.33,249.98
260412,1620,Ffos Las,Dublin To Milan,Chase, ,Y,12,15,19,19,5,S,g,7,152, ,0,30,10,7,11,99,99,0,0,199,0,7,0,0,0,0,0,Apr,Hcap-Cha,Clive Boultbee-Brooks,Ned Fox,11.32,12.78,3,254,-20,33.33,33.33,33.33,33.33,33.33,33.33,0,33.33,233.31
260412,1620,Ffos Las,Italian Spirit,Chase, ,Y,12,29.33,19,19,5,S,g,10,155, ,0,26,6,6,5,4,3,0,0,289,0,4,23.34,0,0,0,0,Apr,Hcap-Cha,Harriet Dickin,Miss Megan Bevan,25.1,0,7,4,-10,50,60,33.33,33.33,80,33.33,0,33.33,323.32
260412,1620,Ffos Las,Ferando,Chase, ,Y,12,10.66,21,21,5,S,g,6,142, ,0,23,5,4,9,7,5,0,0,216,0,6,16.67,0,0,0,0,Apr,Hcap-Cha,Barry T Murphy,Tom Cannon,0.91,33.97,0,4,10,33.33,33.33,33.33,33.33,33.33,50,0,33.33,249.98
260412,1620,Ffos Las,Ezmerellda,Chase, ,Y,12,27.33,29,34,5,S,m,6,142, ,0,34,12,7,11,99,99,0,0,199,0,7,0,0,0,0,0,Apr,Hcap-Cha,Sarah-Jayne Davies,Charlie Price,8.21,14.59,0,10,-20,33.33,33.33,33.33,33.33,33.33,33.33,0,33.33,233.31
260412,1625,Leopardstown,True Love,Turf, ,N,15,10.66,2.63,2.5,1,S,f,3,131,Y,0.49,18,3,2,6,7,99,0,0,515,4,3,4,0,0,0,0,Apr,Gp3,A P O'Brien,Ryan Moore,42.23,35.37,0,1,-10,100,100,33.33,33.33,100,100,49,33.33,548.99
260412,1625,Leopardstown,Black Caviar Gold,Turf, ,N,15,9.66,4,4,1,S,f,3,128,Y,1.09,8,2,2,3,1,2,0,1,582,4,1,40,0,0,0,0,Apr,Gp3,P Twomey,W J Lee,48.37,38.78,0,1,-10,100,100,100,33.33,60,80,109,93.42,675.75
260412,1625,Leopardstown,Composing,Turf, ,N,15,7.66,6,6.5,1,S,f,3,131,Y,0.68,5,1,1,1,2,1,0,4,658,5,0,71.67,0,0,0,0,Apr,Gp3,A P O'Brien,Wayne Lordan,42.23,42.95,0,6,30,90,100,100,100,100,100,68,93.42,751.42
260412,1625,Leopardstown,Suzie Songs,Turf, ,N,15,18.33,11,12,1,S,f,3,128,Y,0.69,30,7,5,13,4,4,0,0,395,0,2,3.34,0,0,0,0,Apr,Gp3,G M Lyons,Gary Carroll,56.39,29.77,0,7,-20,70,70,50,33.33,70,33.33,69,68.42,464.08
260412,1625,Leopardstown,Pivotal Attack,Turf, ,N,15,25.33,12,13,1,S,f,3,128,Y,1.58,32,8,8,7,3,3,0,0,511,3,2,0,0,0,0,0,Apr,Gp3,Joseph G Murphy,J M Sheridan,26.65,38.45,0,2,-30,50,70,100,33.33,33.33,100,125,89.47,601.13
260412,1625,Leopardstown,Caught U Sleeping,Turf, ,N,15,12.66,17,17,1,S,f,3,128,Y,0.89,19,4,2,4,9,9,0,0,542,2,1,24.34,0,0,0,0,Apr,Gp3,Noel Meade,Oisin Murphy,36.71,54.56,0,6,-10,33.33,70,100,70,100,80,89,33.33,575.66
260412,1625,Leopardstown,Mayflower,Turf, ,N,15,14.66,23,26,1,U,f,3,128,Y,2,25,5,8,7,5,8,0,0,511,3,2,42.67,0,0,0,0,Apr,Gp3,Stephen Thorne,Seamie Heffernan,15.42,38.49,0,1,-30,33.33,70,100,100,33.33,50,125,33.33,544.99
260412,1625,Leopardstown,Kensington Lane,Turf, ,N,15,23.33,26,26,1,S,f,3,128,Y,1.18,42,12,15,5,11,7,0,0,517,4,3,2.33,0,0,0,0,Apr,Gp3,Donnacha O'Brien,Chris Hayes,37.77,31.13,0,9,-50,33.33,33.33,100,33.33,100,100,118,68.42,586.41
260412,1625,Leopardstown,Killashee Warrior,Turf, ,N,15,19.33,26,29,1,U,f,3,128,Y,0.99,39,10,8,12,10,11,0,0,415,0,2,20,0,0,0,0,Apr,Gp3,Edward P Harty,J A Powell,20.03,21.84,0,1,-30,50,33.33,60,60,33.33,80,99,33.33,448.99
260412,1625,Leopardstown,Magny Cours,Turf, ,N,15,20.66,26,34,1,S,f,3,128,Y,0.98,37,9,8,11,8,6,0,0,417,1,3,2.33,0,0,0,0,Apr,Gp3,Daniel McLoughlin,Ben Coen,29.07,36.2,0,5,-30,50,70,33.33,33.33,33.33,100,98,82.89,500.88
260412,1625,Leopardstown,River Ara,Turf, ,N,15,16,29,34,1,U,f,3,128,Y,0.93,27,6,13,2,6,5,0,0,586,4,1,4,0,0,0,0,Apr,Gp3,A P O'Brien,Ronan Whelan,42.23,31.14,0,1,-40,33.33,100,60,100,100,100,93,33.33,619.66
260412,1625,Leopardstown,Anushka,Turf, ,N,15,22.66,41,51,1,U,f,3,128,Y,0.78,47,15,13,10,12,10,0,0,464,2,2,46.67,0,0,0,0,Apr,Gp3,Henry De Bromhead,Robbie Colgan,38.73,36.16,0,1,-40,33.33,70,100,33.33,100,50,78,60.52,525.18
260412,1625,Leopardstown,Slaney View,Turf, ,N,15,23.33,67,67,1,U,f,3,128,Y,0.89,40,11,5,9,13,99,0,0,468,1,3,4.33,0,0,0,0,Apr,Gp3,J S Bolger,Declan McDonogh,61.46,44.66,0,2,-20,33.33,90,33.33,33.33,90,100,89,33.33,502.32
260412,1625,Leopardstown,White Lily,Turf, ,N,15,17.66,151,201,1,U,f,3,128,Y,1.09,43,14,8,14,14,12,0,0,392,2,4,20.67,0,0,0,0,Apr,Gp3,David J Geary,Donagh O'Connor,0,26.9,0,3,-30,33.33,50,33.33,33.33,33.33,100,109,33.33,425.65
260412,1630,Wincanton,Queens Gamble,Chase, ,Y,4,2.33,2.25,2.5,3,D,m,8,168, ,0,6,1,1,2,2,3,0,2,503,3,2,23.33,0,0,0,0,Apr,Hcap-Mare-Cha,Harry Derham,Paul O'Brien,33.47,42.72,0,2,70,90,33.33,100,100,100,80,0,33.33,536.66
260412,1630,Wincanton,Obsessedwithyou,Chase, ,Y,4,3.66,2.63,2.63,3,S,m,7,156, ,0,9,2,3,3,1,2,0,1,480,2,1,80.01,0,0,0,0,Apr,Hcap-Mare-Cha,Jamie Snowden,Jonathan Burke,35.42,31.21,0,2,-15,90,50,100,90,50,100,0,94.02,574.02
260412,1630,Wincanton,Somespring Special,Chase, ,Y,4,3.33,5.5,4.5,3,D,m,8,162, ,0,9,2,2,1,3,1,0,2,510,3,1,6.67,0,0,0,0,Apr,Hcap-Mare-Cha,Philip Hobbs,Harry Cobden,43.76,42.26,0,5,50,70,60,100,100,100,80,0,83.58,593.58
260412,1630,Wincanton,Northern Air,Chase, ,Y,4,6.33,11,9,3,U,m,7,142, ,0,16,4,4,4,4,4,0,0,399,3,4,0,0,0,0,0,Apr,Hcap-Mare-Cha,D J Jeffreys,Miss H Palin,71.29,57.04,5,2,-20,33.33,33.33,100,33.33,100,100,0,33.33,433.32
260412,1637,Down Royal,Brucejack,Chase, ,Y,12,14.66,6.5,6,4,S,g,9,154,Y,0,20,5,2,5,4,2,0,0,319,0,4,6.67,0,0,0,0,Apr,Hcap-Cha,P A Fahy,Danny Mullins,11.81,29.31,0,5,80,60,33.33,33.33,80,33.33,80,0,33.33,353.32
260412,1637,Down Royal,Aclass,Chase, ,Y,12,9.33,7,6.5,4,U,g,8,151,Y,0,11,1,7,1,1,4,0,3,463,2,2,43.33,0,0,0,0,Apr,Hcap-Cha,J P Flavin,Darragh O'Keeffe,48.56,39.93,0,4,-10,90,33.33,100,80,60,100,0,33.33,496.66
260412,1637,Down Royal,Hello Jack,Chase, ,Y,12,9.66,8.5,7.5,4,S,g,6,155,Y,0,19,4,5,3,8,6,0,0,333,2,5,0,0,0,0,0,Apr,Hcap-Cha,Gordon Elliott,Jack Kennedy,40.8,43.41,0,8,10,33.33,33.33,33.33,33.33,100,100,0,33.33,366.65
260412,1637,Down Royal,Attaboyarchie,Chase, ,Y,12,15,9,9,4,S,g,9,145,Y,0,32,9,8,10,9,8,0,0,226,0,6,10,0,0,0,0,Apr,Hcap-Cha,Karl Thornton,Miss E J Sweeney,26.21,0,7,4,-20,33.33,60,33.33,33.33,33.33,33.33,0,33.33,259.98
260412,1637,Down Royal,Neon Diamond,Chase, ,Y,12,9,10,11,4,S,m,7,162,Y,0,20,5,6,7,6,99,0,0,309,1,4,40,0,0,0,0,Apr,Hcap-Cha,Gordon Elliott,Mr J H Williamson,40.8,43.06,5,5,0,50,33.33,33.33,33.33,100,60,0,33.33,343.32
260412,1637,Down Royal,Goody Four Shoes,Chase, ,Y,12,33.66,13,12,4,S,g,8,157,Y,0,36,11,8,11,7,99,0,0,216,0,6,16.67,0,0,0,0,Apr,Hcap-Cha,Thomas Gibney,Mr H E Sexton,17.95,16.08,7,5,-20,50,33.33,33.33,33.33,33.33,33.33,0,33.33,249.98
260412,1637,Down Royal,Tonaghneave Well,Chase, ,Y,12,12,13,12,4,S,g,6,166,Y,0,26,7,4,6,10,5,0,0,313,1,5,3.33,0,0,0,0,Apr,Hcap-Cha,Gavin Cromwell,Keith Donoghue,43.13,44.35,0,9,20,33.33,33.33,33.33,33.33,100,80,0,33.33,346.65
260412,1637,Down Royal,Millie B,Chase, ,Y,12,17.66,17,17,4,S,m,8,140,Y,0,34,10,8,12,99,99,0,0,199,0,7,0,0,0,0,0,Apr,Hcap-Cha,Miss Elizabeth Anne Lalor,B P Kennedy,27.56,8.4,7,3,-20,33.33,33.33,33.33,33.33,33.33,33.33,0,33.33,233.31
260412,1637,Down Royal,Reve Inoui,Chase, ,Y,12,15.33,15,17,4,S,g,8,140,Y,0,27,8,8,7,5,99,0,0,309,0,4,0,0,0,0,0,Apr,Hcap-Cha,J P Flavin,Jordan Canavan,48.56,64.75,7,5,-20,60,33.33,33.33,33.33,60,90,0,33.33,343.32
260412,1637,Down Royal,Beggars Rock,Chase, ,Y,12,8.33,17,19,4,D,g,7,157,Y,0,11,1,3,2,2,1,0,2,420,0,1,86.68,0,0,0,0,Apr,Hcap-Cha,Ian Donoghue,James Smith,35.35,38.13,5,6,45,90,90,50,90,50,50,0,95.16,515.16
260412,1637,Down Royal,Gatsby Grey,Chase, ,Y,12,342.66,19,21,4,D,g,10,161,Y,0,37,12,12,3,11,7,0,0,333,2,5,13.33,0,0,0,0,Apr,Hcap-Cha,Oliver McKiernan,Phillip Enright,42.79,25.63,0,254,-30,33.33,33.33,33.33,33.33,100,100,0,33.33,366.65
260412,1645,Musselburgh,Samra Green,Turf, ,Y,12,10.66,4.5,5,4,D,f,3,126, ,1.22,19,4,7,5,5,10,4,0,518,2,2,15,0,0,0,0,Apr,Hcap-Fil,K R Burke,S H James,42.74,36.63,0,7,0,100,70,33.33,33.33,80,80,122,33.33,551.99
260412,1645,Musselburgh,Bellarchi,Turf, ,Y,12,7,5.5,5,4,D,m,5,144, ,1.08,10,1,1,1,7,3,5,3,658,5,0,89.67,0,0,0,0,Apr,Hcap-Fil,Grant Tuer,Oliver Stammers,48.97,57.82,0,1,80,100,70,100,100,80,100,108,79.1,737.1
260412,1645,Musselburgh,Ice Sovereigns,Turf, ,Y,12,13.66,6,7,4,D,f,3,127, ,1.17,26,7,9,6,4,11,3,0,503,3,2,4,0,0,0,0,Apr,Hcap-Fil,Charlie Johnston,Callum Shepherd,30.44,38.65,0,10,-10,100,70,33.33,33.33,50,100,117,33.33,536.99
260412,1645,Musselburgh,Perfect Part,Turf, ,Y,12,13.33,8,8,4,D,f,4,144, ,1.03,23,6,5,8,1,6,8,1,452,3,3,16.67,0,0,0,0,Apr,Hcap-Fil,Brian Ellison,Zak Wheatley,25.77,21.14,3,4,50,100,50,100,33.33,33.33,33.33,103,33.33,486.32
260412,1645,Musselburgh,Callianassa,Turf, ,Y,12,11,8.5,8.5,4,D,m,5,140, ,1.22,30,9,6,10,10,9,2,0,435,2,4,28.33,0,0,0,0,Apr,Hcap-Fil,Brian Ellison,Connor Beasley,25.77,38.4,0,5,10,33.33,33.33,100,33.33,33.33,80,122,33.33,468.65
260412,1645,Musselburgh,Asteverdi,Turf, ,Y,12,11.66,8.5,9,4,S,m,5,135, ,1.03,26,7,3,7,8,4,1,1,499,3,2,46.67,0,0,0,0,Apr,Hcap-Fil,James Owen,Cieren Fallon,36.7,35.49,0,14,65,50,33.33,100,33.33,80,100,103,68.65,568.31
260412,1645,Musselburgh,Dunkeld Dreamer,Turf, ,Y,12,10.66,12,9,4,S,f,3,119, ,1.38,15,3,7,2,3,7,7,0,568,3,1,7,0,0,0,0,Apr,Hcap-Fil,K R Burke,Pierre-Louis Jamin,42.74,52.84,0,2,0,60,70,100,33.33,80,100,125,85.07,653.4
260412,1645,Musselburgh,Epidavros,Turf, ,Y,12,10.66,17,15,4,U,m,5,128, ,0.56,20,5,4,4,6,1,10,1,539,2,1,20.67,0,0,0,0,Apr,Hcap-Fil,Katie Scott,Jason Hart,18.85,27.75,0,5,55,90,70,100,90,33.33,100,56,110.44,649.77
260412,1645,Musselburgh,Geo,Turf, ,Y,12,20.66,17,19,4,U,f,4,126, ,1.07,41,11,10,11,9,5,6,0,406,2,3,0.67,0,0,0,0,Apr,Hcap-Fil,Jim Goldie,Paul Mulrennan,28.68,32.49,0,4,-30,50,50,33.33,33.33,33.33,100,107,88.05,495.04
260412,1645,Musselburgh,Jannas Journey,Turf, ,Y,12,9,23,23,4,D,m,5,140, ,0.88,11,2,1,3,2,1,11,2,561,3,1,22,0,0,0,0,Apr,Hcap-Fil,Jim Goldie,Cam Hardie,28.68,19.62,0,10,80,70,70,100,100,33.33,100,88,105.97,667.3
260412,1645,Musselburgh,Second Fiddle,Turf, ,Y,12,20.33,26,29,4,D,m,7,126, ,0.73,46,12,12,12,12,8,8,0,406,2,4,0,0,0,0,0,Apr,Hcap-Fil,Iain Jardine,Cara Tuke,42.01,0,7,10,-50,33.33,33.33,100,33.33,100,33.33,73,71.64,477.96
260412,1650,Ffos Las,Mythe Bridge,Chase, ,Y,8,6,3.75,3.75,5,S,g,8,162, ,0,10,1,2,4,3,2,0,1,330,0,1,20.01,0,0,0,0,Apr,Hcap-Cha,Henry Daly,Sam Twiston-Davies,32.01,31.89,0,3,110,60,50,60,60,50,50,0,120.68,450.68
260412,1650,Ffos Las,Bridget Mary,Chase, ,Y,8,7.33,4.5,4.5,5,S,m,8,155, ,0,11,3,5,1,1,3,0,2,560,3,1,123.34,0,0,0,0,Apr,Hcap-Cha,Rebecca Curtis,Mr Ben Jones,44.49,37.91,0,2,20,90,100,100,90,100,80,0,96.55,656.55
260412,1650,Ffos Las,The Magus,Chase, ,Y,8,6.33,5.5,5.5,5,S,g,6,160, ,0,14,4,3,5,4,5,0,0,309,0,4,0,0,0,0,0,Apr,Hcap-Cha,Mrs C Williams,Conor Ring,16.34,27.8,0,2,80,90,50,70,33.33,33.33,33.33,0,115.51,425.5
260412,1650,Ffos Las,River Run Free,Chase, ,Y,8,7.33,6.5,7.5,5,S,g,7,153, ,0,18,5,4,5,6,6,0,0,309,1,4,46.67,0,0,0,0,Apr,Hcap-Cha,David Pipe,Mr Rian Corcoran,24.58,36.25,5,254,40,60,33.33,100,33.33,33.33,50,0,33.33,343.32
260412,1650,Ffos Las,Vision De Maine,Chase, ,Y,8,6,7.5,7.5,5,D,g,7,168, ,0,10,1,1,2,2,1,0,3,436,3,3,50,0,0,0,0,Apr,Hcap-Cha,David Pipe,Mr Jack Tudor,24.58,28.72,0,254,120,100,70,100,33.33,33.33,100,0,115.51,552.17
260412,1650,Ffos Las,Montmartin,Chase, ,Y,8,9,9.5,8.5,5,S,g,8,158, ,0,19,6,5,3,5,4,0,0,386,1,3,56.66,0,0,0,0,Apr,Hcap-Cha,Jonjo O'Neill,Jonjo O'Neill Jr,47.18,48.33,0,8,20,33.33,50,33.33,90,80,100,0,87.93,474.59
260412,1650,Ffos Las,Bali Body,Chase, ,Y,8,13,12,12,5,D,g,11,163, ,0,30,8,7,8,8,99,0,0,199,0,7,0,0,0,0,0,Apr,Hcap-Cha,Stuart Edmunds,Charlie Hammond,26.26,28.12,0,247,10,33.33,33.33,33.33,33.33,33.33,33.33,0,33.33,233.31
260412,1650,Ffos Las,Flemenstide,Chase, ,Y,8,16,21,21,5,S,g,11,155, ,0,29,7,7,7,7,7,0,0,263,0,5,63.34,0,0,0,0,Apr,Hcap-Cha,T Faulkner,James Best,35.34,16.63,0,6,10,33.33,33.33,33.33,33.33,50,80,0,33.33,296.65
260412,1655,Leopardstown,Pierre Bonnard,Turf, ,N,9,6.66,1.91,1.91,1,S,c,3,136,Y,1.85,9,1,2,3,3,6,0,1,608,5,1,55,0,0,0,0,Apr,Gp3,A P O'Brien,Ryan Moore,42.23,35.37,0,1,-10,100,33.33,100,50,100,100,125,33.33,641.66
260412,1655,Leopardstown,Christmas Day,Turf, ,N,9,7.33,7,7.5,1,S,c,3,134,Y,1.52,9,1,4,1,2,1,0,3,725,7,0,66.67,0,0,0,0,Apr,Gp3,A P O'Brien,Wayne Lordan,42.23,42.95,0,1,-30,100,100,100,100,100,100,125,85.52,810.52
260412,1655,Leopardstown,Italy,Turf, ,N,9,7.66,9.5,8,1,S,c,3,131,Y,0.87,16,4,1,5,7,5,0,1,550,3,1,63.34,0,0,0,0,Apr,Gp3,A P O'Brien,Chris Hayes,42.23,31.13,0,8,10,60,70,33.33,100,100,100,87,33.33,583.66
260412,1655,Leopardstown,A Boy Named Susie,Turf, ,N,9,10.33,9,9.5,1,S,c,3,131,Y,1.2,25,6,8,4,4,1,0,1,553,3,1,3,0,0,0,0,Apr,Gp3,Donnacha O'Brien,Oisin Murphy,37.77,54.56,0,2,-40,33.33,70,100,50,100,80,120,85.52,638.85
260412,1655,Leopardstown,James J Braddock,Turf, ,N,9,10,11,10,1,U,c,3,131,Y,0.87,27,8,4,6,9,99,0,0,486,3,3,1,0,0,0,0,Apr,Gp3,Joseph Patrick O'Brien,J M Sheridan,45.67,38.45,0,1,-30,33.33,100,33.33,33.33,100,100,87,33.33,520.32
260412,1655,Leopardstown,Endorsement,Turf, ,N,9,9,13,13,1,S,c,3,131,Y,1.52,13,3,4,2,1,4,0,1,658,6,1,50,0,0,0,0,Apr,Gp3,A P O'Brien,Ronan Whelan,42.23,31.14,0,2,-30,100,100,100,33.33,100,100,125,86.84,745.17
260412,1655,Leopardstown,Shosholoza,Turf, ,N,9,9,17,19,1,U,c,3,131,Y,0.86,20,5,4,7,5,7,0,0,485,3,3,11.33,0,0,0,0,Apr,Gp3,Joseph Patrick O'Brien,Declan McDonogh,45.67,44.66,0,1,-30,33.33,33.33,100,33.33,100,100,86,33.33,519.32
260412,1655,Leopardstown,Victory Tip,Turf, ,N,9,9.33,34,29,1,U,g,3,131,Y,1.09,25,6,3,9,8,99,0,0,422,2,4,0,0,0,0,0,Apr,Gp3,Henry De Bromhead,W J Lee,38.73,38.78,0,1,-20,33.33,33.33,33.33,33.33,100,80,109,33.33,455.65
260412,1655,Leopardstown,South Island,Turf, ,N,9,11,34,34,1,S,c,3,131,Y,0.98,29,9,8,8,6,3,0,0,474,2,2,52.34,0,0,0,0,Apr,Gp3,Donnacha O'Brien,Gavin Ryan,37.77,23.57,0,8,-40,33.33,60,100,50,100,33.33,98,68.42,543.08
260412,1700,Wincanton,Victory Shout,Hurdle, ,Y,9,6.66,3.5,3.5,5,S,g,5,168, ,0,11,3,5,1,3,5,0,1,490,3,1,10,0,0,0,0,Apr,Hcap-Hdle,Syd Hosie,Mr P Hanlon,38.5,37.87,5,2,20,90,100,100,100,50,50,0,33.33,523.33
260412,1700,Wincanton,Ribba Hill,Hurdle, ,Y,9,11,4.5,5,5,S,g,5,168, ,0,21,5,6,5,5,6,0,0,326,1,3,0,0,0,0,0,Apr,Hcap-Hdle,Syd Hosie,Tom Bellamy,38.5,41.76,0,2,0,33.33,50,33.33,60,50,100,0,33.33,359.99
260412,1700,Wincanton,Ugo Bingo,Hurdle, ,Y,9,6.33,5,5,5,S,g,7,165, ,0,9,2,1,3,2,4,0,1,460,2,1,126.68,0,0,0,0,Apr,Hcap-Hdle,Joe Tizzard,Brendan Powell,35.85,32.26,0,4,90,70,60,100,100,50,80,0,33.33,493.33
260412,1700,Wincanton,Postponed Legacy,Hurdle, ,Y,9,5.33,6,6.5,5,D,g,5,167, ,0,6,1,2,2,1,2,0,2,480,2,1,20,0,0,0,0,Apr,Hcap-Hdle,Martin Keighley,Mr Beau Morgan,32.46,67.52,5,6,55,70,70,100,100,50,90,0,96.61,576.61
260412,1700,Wincanton,Saucats,Hurdle, ,Y,9,11.66,8.5,7.5,5,S,g,5,143, ,0,25,6,3,9,6,3,0,0,253,0,5,0,0,0,0,0,Apr,Hcap-Hdle,J Tickle,Benjamin Godfrey,17.36,32.27,0,4,50,33.33,33.33,33.33,70,33.33,50,0,93.22,346.54
260412,1700,Wincanton,Prince Rhinegold,Hurdle, ,Y,9,7.66,9,8,5,S,g,8,146, ,0,16,4,3,5,4,1,0,1,326,1,3,23.34,0,0,0,0,Apr,Hcap-Hdle,Linda Blackford,Mr Bryan Carver,5.03,50.25,0,9,50,50,33.33,50,60,33.33,100,0,100,426.66
260412,1700,Wincanton,Anthracite,Hurdle, ,Y,9,13.66,26,15,5,S,g,5,148, ,0,25,6,7,4,7,8,0,0,333,2,5,6.66,0,0,0,0,Apr,Hcap-Hdle,Neil Mulholland,Richie McLernon,43.42,38.08,0,8,-30,33.33,33.33,33.33,33.33,100,100,0,50.84,384.16
260412,1700,Wincanton,Forest Hills,Hurdle, ,Y,9,15.33,29,29,5,D,g,5,148, ,0,33,9,7,8,9,9,0,0,266,1,6,13.33,0,0,0,0,Apr,Hcap-Hdle,Carroll Gray,Ciaran Gethings,0,45.55,0,7,-30,33.33,33.33,33.33,33.33,33.33,100,0,33.33,299.98
260412,1700,Wincanton,Little Lady Lucy,Hurdle, ,Y,9,13.33,41,41,5,S,m,5,142, ,0,28,8,7,7,8,7,0,0,303,1,5,36.67,0,0,0,0,Apr,Hcap-Hdle,Neil Mulholland,Bradley Harris,43.42,54.12,3,254,-30,33.33,33.33,33.33,33.33,100,70,0,32.2,335.52
260412,1707,Down Royal,A Year Older,Chase, ,Y,18,19.33,4.33,4.5,5,D,g,8,151,Y,0,42,11,17,12,99,99,0,0,293,1,5,16.66,0,0,0,0,Apr,Hcap-Cha,Karl Thornton,Mr Ben Harvey,26.21,43.29,0,1,-30,33.33,33.33,100,33.33,33.33,60,0,33.33,326.65
260412,1707,Down Royal,Snow Punt,Chase, ,Y,18,17.66,5.5,5.5,5,D,g,9,168,Y,0,28,6,11,8,2,10,0,0,376,2,3,16.66,0,0,0,0,Apr,Hcap-Cha,Brendan Walsh,Mr P Byrnes,36.73,68.76,0,2,-10,100,60,33.33,33.33,50,100,0,33.33,409.99
260412,1707,Down Royal,Plain Or Battered,Chase, ,Y,18,13.33,6,6.5,5,D,g,9,152,Y,0,11,2,7,2,1,7,0,1,443,1,2,10,0,0,0,0,Apr,Hcap-Cha,P J Rothwell,Mr T Power Roche,24.44,30.17,0,2,5,90,33.33,100,90,80,50,0,33.33,476.66
260412,1707,Down Royal,Tell Nobody Nothin,Chase, ,Y,18,12,9.5,8.5,5,S,g,6,165,Y,0,16,3,3,3,7,8,0,0,433,1,2,16.67,0,0,0,0,Apr,Hcap-Cha,Noel Meade,Donagh Meyler,36.71,48.86,0,4,50,90,60,33.33,90,100,60,0,33.33,466.66
260412,1707,Down Royal,Hit The Frame,Chase, ,Y,18,21,9.5,9,5,D,g,7,157,Y,0,32,8,9,6,6,6,0,0,393,2,3,16.67,0,0,0,0,Apr,Hcap-Cha,J P Flavin,Darragh O'Keeffe,48.56,39.93,0,250,0,60,33.33,100,40,60,100,0,33.33,426.66
260412,1707,Down Royal,Le Grand Vert,Chase, ,Y,18,13.33,11,10,5,D,g,10,166,Y,0,20,4,2,9,3,3,0,0,360,1,2,23.34,0,0,0,0,Apr,Hcap-Cha,Noel C Kelly,Mr C P Millar,31.31,37.15,5,4,95,70,50,100,40,50,50,0,65.51,425.51
260412,1707,Down Royal,Dinoland,Chase, ,Y,18,22,9,10,5,D,g,8,165,Y,0,40,10,17,4,99,99,0,0,416,2,3,20,0,0,0,0,Apr,Hcap-Cha,W R Crawford,Danny Mullins,56.24,29.31,0,254,-30,33.33,33.33,100,100,70,80,0,33.33,449.99
260412,1707,Down Royal,Hardy Diamond,Chase, ,Y,18,9.33,11,12,5,D,m,7,168,Y,0,8,1,1,1,4,4,0,3,540,4,1,96.67,0,0,0,0,Apr,Hcap-Cha,Gordon Elliott,Jack Kennedy,40.8,43.41,0,5,115,100,90,100,50,100,100,0,33.33,573.33
260412,1707,Down Royal,Royal Time,Chase, ,Y,18,16,17,15,5,D,g,7,160,Y,0,31,7,6,10,10,9,0,0,336,1,3,3.34,0,0,0,0,Apr,Hcap-Cha,Shane Crawley,Mr E Staples,0,35.27,5,7,10,50,50,33.33,70,33.33,100,0,33.33,369.99
260412,1707,Down Royal,Sampoet,Chase, ,Y,18,15,15,15,5,D,g,9,168,Y,0,22,5,3,6,5,1,0,1,393,0,2,0,0,0,0,0,Apr,Hcap-Cha,D M Christie,Mr J H Williamson,60.98,43.06,5,11,50,50,90,33.33,70,90,60,0,101.72,495.05
260412,1707,Down Royal,Warmer Days Ahead,Chase, ,Y,18,53.33,21,19,5,S,g,7,163,Y,0,54,16,12,11,13,12,0,0,333,2,5,40,0,0,0,0,Apr,Hcap-Cha,Oliver McKiernan,Phillip Enright,42.79,25.63,0,9,-20,33.33,33.33,33.33,33.33,100,100,0,33.33,366.65
260412,1707,Down Royal,La Tene,Chase, ,Y,18,25.66,21,21,5,S,m,8,142,Y,0,48,14,12,15,99,99,0,0,246,0,6,6.66,0,0,0,0,Apr,Hcap-Cha,John Patrick Ryan,Reserve 2,16.92,0,0,3,-20,33.33,33.33,33.33,33.33,33.33,80,0,33.33,279.98
260412,1707,Down Royal,Hello Johnjoe,Chase, ,Y,18,42,21,21,5,S,m,5,153,Y,0,52,15,12,14,99,99,0,0,263,0,5,16.67,0,0,0,0,Apr,Hcap-Cha,Andrew McNamara,Reserve 1,35.64,0,0,6,-20,33.33,33.33,33.33,33.33,50,80,0,33.33,296.65
260412,1707,Down Royal,Cordal Boy,Chase, ,Y,18,28.33,26,29,5,D,g,6,150,Y,0,56,17,12,17,14,99,0,0,199,0,7,0,0,0,0,0,Apr,Hcap-Cha,Eoin Christopher McCarthy,G B Noonan,15.78,13.65,0,9,-20,33.33,33.33,33.33,33.33,33.33,33.33,0,33.33,233.31
260412,1707,Down Royal,Just For Yuse,Chase, ,Y,18,18,29,34,5,S,g,8,140,Y,0,34,9,9,5,11,11,0,0,396,2,3,3.33,0,0,0,0,Apr,Hcap-Cha,Paul Stafford,P M O'Brien,78.13,55.25,5,6,0,50,33.33,33.33,80,100,100,0,33.33,429.99
260412,1707,Down Royal,Mastermind,Chase, ,Y,18,34,41,41,5,S,g,12,140,Y,0,42,11,7,13,8,2,0,0,276,0,3,13.34,0,0,0,0,Apr,Hcap-Cha,Ms H P Markham,Gavin Brouder,0,27.92,0,12,5,50,50,50,60,33.33,33.33,0,98.27,374.93
260412,1707,Down Royal,Ardaghs Choice,Chase, ,Y,18,35,41,51,5,S,g,11,148,Y,0,43,13,3,16,9,5,0,0,239,0,5,40.01,0,0,0,0,Apr,Hcap-Cha,E Sheehy,Sean Flanagan,8.16,24.17,0,247,50,50,33.33,50,40,33.33,33.33,0,33.33,273.32
260412,1707,Down Royal,Tullabrack Lad,Chase, ,Y,18,42,81,67,5,S,g,7,140,Y,0,57,18,12,17,12,99,0,0,199,0,7,0,0,0,0,0,Apr,Hcap-Cha,Francis J Flood,B P Kennedy,0,8.4,7,9,-20,33.33,33.33,33.33,33.33,33.33,33.33,0,33.33,233.31
260412,1715,Musselburgh,Sea Force,Turf, ,Y,12,10.33,3.25,3.25,3,S,g,4,135, ,1.09,14,2,7,5,1,9,1,2,572,3,1,14,0,0,0,0,Apr,Hcap,William Haggas,Cieren Fallon,33.84,35.49,0,1,0,90,90,100,33.33,50,100,109,33.33,605.66
260412,1715,Musselburgh,Noche Clasica,Turf, ,Y,12,10.33,4.5,4.5,3,S,f,4,129, ,0.65,17,5,6,4,4,10,2,0,578,4,1,6,0,0,0,0,Apr,Hcap,Ed Bethell,Kevin Stott,49.62,28.94,0,1,5,100,100,33.33,100,100,80,65,33.33,611.66
260412,1715,Musselburgh,Impartiality,Turf, ,Y,12,15.33,10,8,3,S,g,4,126, ,0.61,27,7,9,3,5,6,12,0,581,3,0,2.67,0,0,0,0,Apr,Hcap,Phillip Makin,Rowan Scott,50.19,31.64,0,4,-15,70,70,100,100,80,100,61,33.33,614.33
260412,1715,Musselburgh,Thunder Wonder,Turf, ,Y,12,8.33,10,9.5,3,S,g,4,125, ,1.85,15,3,1,2,8,1,5,2,605,4,0,24,0,0,0,0,Apr,Hcap,Charlie Johnston,Callum Shepherd,30.44,38.65,0,10,120,60,70,100,100,50,100,125,95.71,700.71
260412,1715,Musselburgh,James McHenry,Turf, ,Y,12,8,8,11,3,S,g,6,132, ,1.09,8,1,3,1,2,4,0,2,632,5,1,27.33,0,0,0,0,Apr,Hcap,Ed Bethell,Callum Rodriguez,49.62,56.3,0,4,70,100,90,100,33.33,100,100,109,105.71,738.04
260412,1715,Musselburgh,Dwindling Funds,Turf, ,Y,12,17.66,11,12,3,U,g,5,116, ,0.98,35,10,12,10,7,2,7,0,424,1,2,21,0,0,0,0,Apr,Hcap,Jim Goldie,Rhys Elliott,28.68,35.35,5,2,-50,33.33,50,100,60,33.33,50,98,85.71,510.37
260412,1715,Musselburgh,Sir Paul Ramsey,Turf, ,Y,12,11.33,13,12,3,S,g,4,123, ,1.02,25,6,4,7,6,3,4,0,495,3,1,36.34,0,0,0,0,Apr,Hcap,Charlie Johnston,Andrew Mullen,30.44,34.86,0,4,50,50,60,100,33.33,50,100,102,70,565.33
260412,1715,Musselburgh,Flying Fletcher,Turf, ,Y,12,20.33,17,19,3,U,g,5,117, ,0.57,43,12,10,11,10,11,8,0,403,1,2,59.01,0,0,0,0,Apr,Hcap,Richard Fahey,Cam Hardie,47.11,19.62,0,3,-20,50,50,33.33,33.33,80,100,57,33.33,436.99
260412,1715,Musselburgh,Mirsky,Turf, ,Y,12,10.33,17,19,3,D,g,7,134, ,1.15,16,4,2,6,3,4,6,0,558,2,1,63,0,0,0,0,Apr,Hcap,David O'Meara,Daniel Tudhope,32.53,39.45,0,9,80,90,60,100,33.33,80,80,115,104.28,662.61
260412,1715,Musselburgh,Per Contra,Turf, ,Y,12,13.33,21,23,3,S,g,5,128, ,1.09,33,9,5,8,11,7,11,0,458,2,3,34.33,0,0,0,0,Apr,Hcap,Tim Easterby,David Allan,33.15,41.54,0,9,20,33.33,33.33,33.33,70,80,100,109,33.33,492.32
260412,1715,Musselburgh,Redarna,Turf, ,Y,12,13.33,26,29,3,U,g,12,119, ,1.09,31,8,7,8,9,8,9,0,458,3,3,0,0,0,0,0,Apr,Hcap,Dianne Sayer,Miss Joanna Mason,73.46,32.31,0,4,0,33.33,33.33,33.33,50,100,100,109,33.33,492.32
260412,1715,Musselburgh,Saint Etienne,Turf, ,Y,12,20.33,34,41,3,D,g,6,137, ,0.98,39,11,10,12,99,99,10,0,344,0,5,0,0,0,0,0,Apr,Hcap,Brian Ellison,Connor Beasley,25.77,38.4,0,9,-20,33.33,33.33,33.33,33.33,33.33,80,98,33.33,377.98
260412,1720,Ffos Las,An Buachaill Rua,Hurdle, ,Y,16,10.66,4,4.33,5,S,g,6,161, ,0,8,1,3,3,1,8,0,2,356,1,3,10,0,0,0,0,Apr,Hcap-Hdle,Sheila Lewis,Mr Callum Pritchard,23.47,31.03,3,2,10,60,50,100,33.33,33.33,80,0,33.33,389.99
260412,1720,Ffos Las,Cote D'Ange,Hurdle, ,Y,16,16,6,6,5,S,g,5,156, ,0,32,9,9,8,8,12,0,0,269,0,4,3.34,0,0,0,0,Apr,Hcap-Hdle,Sam Thomas,Mr D Johnston,0,37.55,0,3,-20,60,33.33,60,33.33,33.33,50,0,33.33,303.32
260412,1720,Ffos Las,Bradman,Hurdle, ,Y,16,15.33,7,7,5,S,g,5,158, ,0,22,4,7,4,2,7,0,0,346,0,3,10,0,0,0,0,Apr,Hcap-Hdle,Kevin Bishop,James Best,0,16.63,0,6,-10,70,70,60,33.33,33.33,80,0,33.33,379.99
260412,1720,Ffos Las,Glengolly,Hurdle, ,Y,16,12.33,10,8,5,S,g,7,157, ,0,16,3,5,2,3,2,0,0,453,3,2,96.67,0,0,0,0,Apr,Hcap-Hdle,Billy Aprahamian,Gavin Sheehan,33.91,37.03,0,3,0,60,60,100,33.33,100,100,0,83.05,536.38
260412,1720,Ffos Las,Atlantic Power,Hurdle, ,Y,16,10.33,10,10,5,S,g,6,147, ,0,12,2,1,5,4,1,0,2,336,1,3,13.34,0,0,0,0,Apr,Hcap-Hdle,Richenda Ford,Sean Bowen,0,36.55,0,254,60,60,60,100,33.33,33.33,50,0,93.22,429.88
260412,1720,Ffos Las,I Am Spider Man,Hurdle, ,Y,16,12.66,15,13,5,D,g,9,168, ,0,22,4,3,7,7,11,0,0,323,1,5,53.33,0,0,0,0,Apr,Hcap-Hdle,Barry T Murphy,D J O'Connor,0.91,1.23,7,254,10,90,33.33,100,33.33,33.33,33.33,0,33.33,356.65
260412,1720,Ffos Las,Makinbecon,Hurdle, ,Y,16,20.66,11,15,5,D,g,6,148, ,0,45,12,9,12,14,15,0,0,216,0,6,0,0,0,0,0,Apr,Hcap-Hdle,Barry T Murphy,Tom Cannon,0.91,33.97,0,4,-20,33.33,33.33,33.33,33.33,33.33,50,0,33.33,249.98
260412,1720,Ffos Las,Kantagua Du Large,Hurdle, ,Y,16,19.66,17,15,5,S,m,6,162, ,0,30,7,2,11,6,5,0,0,243,0,5,26.67,0,0,0,0,Apr,Hcap-Hdle,Clive Boultbee-Brooks,Richard Patrick,11.32,0,0,4,20,50,33.33,60,33.33,33.33,33.33,0,33.33,276.65
260412,1720,Ffos Las,Les's Destiny Star,Hurdle, ,Y,16,15.33,19,15,5,S,g,7,163, ,0,34,11,9,10,11,6,0,0,246,0,6,3.33,0,0,0,0,Apr,Hcap-Hdle,Ben Pauling,Mr Ben Jones,29.8,37.91,0,4,-20,33.33,33.33,33.33,33.33,33.33,80,0,27.11,273.76
260412,1720,Ffos Las,Mind Hunter,Hurdle, ,Y,16,21.66,29,15,5,S,g,8,142, ,0,31,8,9,5,5,3,0,0,336,1,3,0,0,0,0,0,Apr,Hcap-Hdle,Bernard Llewellyn,Mr Harry Atkins,41.5,35.72,7,5,-20,33.33,33.33,70,50,100,50,0,89.83,426.49
260412,1720,Ffos Las,Getaway Sam,Hurdle, ,Y,16,15,15,17,5,S,g,6,142, ,0,32,9,7,12,10,13,0,0,216,0,6,16.67,0,0,0,0,Apr,Hcap-Hdle,Matt Sheppard,Ned Fox,0,12.78,3,2,-10,33.33,33.33,50,33.33,33.33,33.33,0,33.33,249.98
260412,1720,Ffos Las,Star Turn,Hurdle, ,Y,16,19,23,26,5,S,g,6,149, ,0,47,13,15,12,13,10,0,0,216,0,6,0,0,0,0,0,Apr,Hcap-Hdle,Mickey Bowen,James Bowen,30.72,24.94,0,254,-40,33.33,33.33,33.33,33.33,50,33.33,0,33.33,249.98
260412,1720,Ffos Las,Miss Jaffa Cake,Hurdle, ,Y,16,31.66,34,34,5,S,m,6,142, ,0,53,16,9,15,15,16,0,0,199,0,7,0,0,0,0,0,Apr,Hcap-Hdle,Polly Gundry,Ben Poste,4.27,20.4,0,6,-20,33.33,33.33,33.33,33.33,33.33,33.33,0,33.33,233.31
260412,1720,Ffos Las,Kingston Kid,Hurdle, ,Y,16,24.66,41,41,5,S,g,9,147, ,0,48,14,15,9,12,9,0,0,266,1,6,20,0,0,0,0,Apr,Hcap-Hdle,Ms G Howell,Miss Tabitha Worsley,25,24.47,0,5,-40,33.33,33.33,33.33,33.33,33.33,100,0,33.33,299.98
260412,1720,Ffos Las,Rock On Cassie,Hurdle, ,Y,16,47.33,51,67,5,S,m,10,158, ,0,51,15,5,15,16,14,0,0,199,0,7,0,0,0,0,0,Apr,Hcap-Hdle,Richard Armson,Mr Philip Armson,0,0,3,254,0,33.33,33.33,33.33,33.33,33.33,33.33,0,33.33,233.31
260412,1725,Leopardstown,Cape Cod,Turf, ,Y,8,4.66,3.5,3,3,U,c,3,140,Y,1.09,4,1,1,1,1,1,0,5,575,5,2,80.67,0,0,0,0,Apr,Hcap,A P O'Brien,Ryan Moore,42.23,35.37,0,1,20,33.33,100,100,33.33,100,100,109,101.42,677.08
260412,1725,Leopardstown,Madbadanddangerous,Turf, ,Y,8,7.33,3.75,3.75,3,D,g,3,129,Y,0.87,12,2,3,4,2,4,0,0,466,2,3,8.67,0,0,0,0,Apr,Hcap,Noel Meade,Oisin Murphy,36.71,54.56,0,3,-20,33.33,100,33.33,33.33,100,80,87,33.33,500.32
260412,1725,Leopardstown,Marjorie Daw,Turf, ,Y,8,9,7,8,3,U,f,3,133,Y,1.2,24,7,8,8,4,99,0,0,319,1,6,0,0,0,0,0,Apr,Hcap,Joseph G Murphy,Gary Carroll,26.65,29.77,0,1,-40,33.33,33.33,33.33,33.33,33.33,33.33,120,33.33,353.31
260412,1725,Leopardstown,Cherry Hill Girl,Turf, ,Y,8,7.66,13,10,3,S,f,3,131,Y,0.98,16,4,2,6,3,2,0,0,441,0,1,53.01,0,0,0,0,Apr,Hcap,Andrew Slattery,Andrew Slattery,49.16,31.39,0,7,-10,60,50,33.33,70,80,50,98,33.33,474.66
260412,1725,Leopardstown,Another Day Done,Turf, ,Y,8,10,10,10,3,U,c,3,123,Y,1.85,22,6,6,5,99,99,0,0,458,3,4,16.99,0,0,0,0,Apr,Hcap,Joseph Patrick O'Brien,Declan McDonogh,45.67,44.66,0,4,-30,33.33,33.33,33.33,33.33,100,100,125,33.33,491.65
260412,1725,Leopardstown,Extravagant,Turf, ,Y,8,7,9,10,3,U,c,3,133,Y,1.52,12,2,3,2,5,99,0,0,494,3,3,8,0,0,0,0,Apr,Hcap,A P O'Brien,Wayne Lordan,42.23,42.95,0,4,-20,33.33,70,33.33,33.33,100,100,125,33.33,528.32
260412,1725,Leopardstown,So Must I,Turf, ,Y,8,9.33,11,12,3,U,f,3,128,Y,0.87,19,5,3,3,7,99,0,0,486,3,3,20,0,0,0,0,Apr,Hcap,Joseph Patrick O'Brien,J M Sheridan,45.67,38.45,0,1,-20,33.33,33.33,100,33.33,100,100,87,33.33,520.32
260412,1725,Leopardstown,Pierre Grosse,Turf, ,Y,8,11.33,13,15,3,D,g,3,128,Y,1.52,27,8,6,7,6,3,0,0,388,1,4,68.34,0,0,0,0,Apr,Hcap,Mrs John Harrington,K G Kennedy,31.9,16.62,5,6,-30,33.33,33.33,33.33,50,80,33.33,125,33.33,421.65
260412,1745,Musselburgh,Velvet Whisper,Turf, ,Y,14,14,4.33,4.33,4,U,f,4,130, ,1.25,22,3,13,1,7,13,1,2,628,5,1,30.33,0,0,0,0,Apr,Hcap,Ed Bethell,Callum Rodriguez,49.62,56.3,0,1,-30,33.33,70,100,100,100,100,125,33.33,661.66
260412,1745,Musselburgh,Say What You See,Turf, ,Y,14,15.66,6,6,4,D,g,4,130, ,0,30,8,11,10,3,8,14,0,480,2,1,12.34,0,0,0,0,Apr,Hcap,Liam Bailey,Billy Garritty,30.49,31.59,0,3,-20,90,90,100,50,50,100,0,94.02,574.02
260412,1745,Musselburgh,Ludo's Landing,Turf, ,Y,14,10.33,8.5,8.5,4,U,g,6,133, ,0.7,17,1,1,9,5,12,4,2,513,2,1,33.33,0,0,0,0,Apr,Hcap,Charlie Johnston,Jason Hart,30.44,27.75,0,1,90,90,70,100,33.33,50,100,70,86.56,599.89
260412,1745,Musselburgh,Humble Spark,Turf, ,Y,14,14.66,11,10,4,D,g,6,133, ,0.87,19,2,6,3,1,4,7,1,590,4,1,12,0,0,0,0,Apr,Hcap,Jim Goldie,Paul Mulrennan,28.68,32.49,0,4,40,100,100,100,70,33.33,100,87,82.08,672.41
260412,1745,Musselburgh,Made All,Turf, ,Y,14,13,11,11,4,U,g,5,127, ,0.87,25,5,9,6,6,8,6,0,557,2,0,7,0,0,0,0,Apr,Hcap,Sam England,Oisin Orr,28.73,37.92,0,1,0,50,70,100,70,80,100,87,79.1,636.1
260412,1745,Musselburgh,Dust Cover,Turf, ,Y,14,19,11,12,4,U,g,4,128, ,1.62,48,14,14,13,14,14,3,0,391,2,5,47.33,0,0,0,0,Apr,Hcap,R Burdon,Paddy Bradley,9.86,52.23,0,1,-40,33.33,33.33,33.33,33.33,33.33,100,125,33.33,424.98
260412,1745,Musselburgh,Fox Journey,Turf, ,Y,14,15.33,15,13,4,S,g,6,132, ,1.12,35,11,2,12,8,5,13,0,445,3,4,53.67,0,0,0,0,Apr,Hcap,Declan Carroll,Zak Wheatley,11.28,21.14,3,6,80,100,33.33,100,33.33,33.33,33.33,112,82.08,527.4
260412,1745,Musselburgh,Sixpack,Turf, ,Y,14,16.66,13,13,4,S,g,6,130, ,0.49,29,7,5,8,2,1,2,1,522,2,2,9,0,0,0,0,Apr,Hcap,James Owen,Cieren Fallon,36.7,35.49,0,4,45,90,70,100,33.33,80,100,49,97.01,619.34
260412,1745,Musselburgh,Haveyoumissedme,Turf, ,Y,14,16,12,13,4,U,g,8,128, ,1.25,32,9,7,4,12,10,8,0,578,4,1,21.33,0,0,0,0,Apr,Hcap,Iain Jardine,Andrew Mullen,42.01,34.86,0,2,5,33.33,50,100,70,100,100,125,92.53,670.86
260412,1745,Musselburgh,Fast Fred,Turf, ,Y,14,17.33,13,15,4,U,g,6,126, ,1.18,25,5,11,2,4,11,11,0,598,3,0,7.67,0,0,0,0,Apr,Hcap,Phillip Makin,Rowan Scott,50.19,31.64,0,2,-20,90,60,100,50,80,100,118,95.52,693.52
260412,1745,Musselburgh,L'Eagle Aid,Turf, ,Y,14,17,17,17,4,S,g,5,132, ,1.31,37,12,10,4,11,6,0,0,578,4,1,0,0,0,0,0,Apr,Hcap,Charlie Johnston,Callum Shepherd,30.44,38.65,0,5,-10,33.33,70,100,100,50,100,125,89.55,667.88
260412,1745,Musselburgh,Northwest Passage,Turf, ,Y,14,14.33,19,21,4,S,g,4,135, ,0.81,32,9,7,11,9,3,12,0,467,2,2,22.34,0,0,0,0,Apr,Hcap,Ivan Furtado,David Nolan,39.86,42,0,5,5,70,50,33.33,33.33,100,100,81,100,567.66
260412,1745,Musselburgh,Simple Star,Turf, ,Y,14,10.33,23,26,4,S,g,8,129, ,0.5,23,4,3,7,10,2,10,0,550,3,0,27.67,0,0,0,0,Apr,Hcap,Dianne Sayer,S H James,73.46,36.63,0,8,75,50,70,100,100,100,80,50,101.49,651.49
260412,1745,Musselburgh,Terrorise,Turf, ,Y,14,16.33,29,29,4,S,g,5,130, ,1.11,42,13,4,14,13,7,9,0,344,1,4,0,0,0,0,0,Apr,Hcap,Brian Ellison,Ben Robinson,25.77,9.97,0,16,60,50,50,33.33,33.33,33.33,33.33,111,104.47,448.79
260412,1815,Musselburgh,Sea Suite,Turf, ,Y,12,14,3.25,3.5,4,U,g,4,131, ,1.07,30,8,9,4,11,11,1,1,513,3,2,20.67,0,0,0,0,Apr,Hcap,James Owen,Cieren Fallon,36.7,35.49,0,1,-30,60,33.33,100,33.33,80,100,107,33.33,546.99
260412,1815,Musselburgh,Cargin Bhui,Turf, ,Y,12,10,4.5,5,4,S,g,5,135, ,1.04,24,5,6,10,6,6,3,0,440,1,2,31.66,0,0,0,0,Apr,Hcap,David Barron,Connor Beasley,45.3,38.4,0,5,30,33.33,60,50,33.33,80,80,104,86.56,527.22
260412,1815,Musselburgh,Abduction,Turf, ,Y,12,8,8.5,7.5,4,S,g,8,131, ,1.25,18,4,1,6,8,1,7,2,488,2,1,5.34,0,0,0,0,Apr,Hcap,Jim Goldie,Kaiya Fraser,28.68,39.24,0,4,110,50,50,100,50,33.33,80,125,100,588.33
260412,1815,Musselburgh,Maldevious,Turf, ,Y,12,25.33,21,10,4,U,f,4,124, ,1.07,34,10,8,12,4,12,10,0,360,1,4,0,0,0,0,0,Apr,Hcap,Brian Ellison,Ben Robinson,25.77,9.97,0,4,-20,50,70,33.33,33.33,33.33,33.33,107,33.33,393.65
260412,1815,Musselburgh,Benacre,Turf, ,Y,12,8,10,11,4,S,g,6,135, ,0.85,14,3,3,3,7,4,4,0,515,2,0,1.34,0,0,0,0,Apr,Hcap,Charlie Johnston,Jason Hart,30.44,27.75,0,10,70,60,50,100,70,50,100,85,95.52,610.52
260412,1815,Musselburgh,Kelpie Grey,Turf, ,Y,12,8.33,13,12,4,D,g,6,128, ,1.15,8,1,2,1,1,3,8,3,598,4,1,60.33,0,0,0,0,Apr,Hcap,Jim Goldie,Paul Mulrennan,28.68,32.49,0,5,80,60,90,100,100,33.33,100,115,100,698.33
260412,1815,Musselburgh,Polygram,Turf, ,Y,12,16.33,13,15,4,U,f,4,131, ,1.25,36,12,11,9,9,5,2,0,444,2,3,4.33,0,0,0,0,Apr,Hcap,Tristan Davidson,Rowan Scott,27.76,31.64,0,5,-40,33.33,50,33.33,70,33.33,100,125,95.52,540.51
260412,1815,Musselburgh,They All Know Me,Turf, ,Y,12,17,11,15,4,S,g,4,132, ,0.91,28,6,9,8,2,10,6,0,447,0,2,2.67,0,0,0,0,Apr,Hcap,Richard Fahey,Warren Fentiman,47.11,23.41,3,8,-30,33.33,90,70,50,80,33.33,91,77.61,525.27
260412,1815,Musselburgh,Qazaq,Turf, ,Y,12,9.33,23,26,4,U,g,5,123, ,0.93,29,7,5,7,12,8,9,0,482,2,3,35.33,0,0,0,0,Apr,Hcap,Iain Jardine,Greg Fairley,42.01,69.58,0,7,55,33.33,33.33,100,33.33,100,90,93,97.01,580
260412,1815,Musselburgh,Invincible Ruby,Turf, ,Y,12,16.33,29,34,4,U,f,4,127, ,0.93,34,10,11,5,10,9,10,0,492,3,3,4.66,0,0,0,0,Apr,Hcap,Iain Jardine,Andrew Mullen,42.01,34.86,0,8,-40,33.33,33.33,100,33.33,100,100,93,53.73,546.72
260412,1845,Musselburgh,Montezuma,Turf, ,Y,17,17.66,4,3.75,4,S,g,4,127, ,0.98,33,8,11,9,3,2,6,0,571,3,1,13,0,0,0,0,Apr,Hcap,Jim Goldie,Paul Mulrennan,28.68,32.49,0,2,30,70,70,100,100,33.33,100,98,104.47,675.8
260412,1845,Musselburgh,Right And Exact,Turf, ,Y,17,23.33,7.5,8.5,4,U,g,4,135, ,0.84,38,13,17,14,1,15,13,1,453,2,3,1,0,0,0,0,Apr,Hcap,Declan Carroll,Zak Wheatley,11.28,21.14,3,2,-30,33.33,100,100,70,33.33,33.33,84,88.05,542.04
260412,1845,Musselburgh,Al Hussar,Turf, ,Y,17,12.66,9,8.5,4,S,g,4,133, ,1.17,25,4,8,8,8,7,4,0,577,3,0,5.67,0,0,0,0,Apr,Hcap,Grant Tuer,Oliver Stammers,48.97,57.82,0,3,60,70,50,100,60,80,100,117,86.56,663.56
260412,1845,Musselburgh,Emerald Harmony,Turf, ,Y,17,14.33,8.5,9.5,4,S,m,5,134, ,1.26,23,1,10,6,5,17,10,1,578,4,1,0.33,0,0,0,0,Apr,Hcap,Paul Midgley,Barry McHugh,32.87,36.32,0,2,50,50,70,100,33.33,100,100,125,104.47,682.8
260412,1845,Musselburgh,Northern Spirit,Turf, ,Y,17,14,12,10,4,D,g,6,134, ,1.03,24,2,2,15,4,16,6,0,452,2,3,22,0,0,0,0,Apr,Hcap,Brian Ellison,Ben Robinson,25.77,9.97,0,3,125,90,60,100,33.33,33.33,33.33,103,111.94,564.93
260412,1845,Musselburgh,Zarzyni,Turf, ,Y,17,17,11,10,4,S,g,9,130, ,1.18,34,10,8,4,11,9,15,0,598,3,0,17.67,0,0,0,0,Apr,Hcap,David Barron,Connor Beasley,45.3,38.4,0,9,60,50,70,100,100,80,80,118,86.56,684.56
260412,1845,Musselburgh,Kinetic Force,Turf, ,Y,17,19.66,13,13,4,S,g,4,133, ,1.07,35,11,4,5,13,14,12,0,580,4,1,2,0,0,0,0,Apr,Hcap,Ruth Carr,Miss Joanna Mason,32.73,32.31,0,4,85,33.33,50,100,90,100,100,107,83.58,663.91
260412,1845,Musselburgh,Jm Jhingree,Turf, ,Y,17,17,15,17,4,S,g,4,127, ,1.27,36,12,11,1,15,11,17,1,645,5,0,10,0,0,0,0,Apr,Hcap,Ewan Whillans,Rowan Scott,34.25,31.64,0,5,30,50,70,100,100,100,100,125,91.04,736.04
260412,1845,Musselburgh,Arnhem,Turf, ,Y,17,51.33,19,19,4,S,g,10,126, ,0.81,55,16,5,16,17,8,3,0,430,2,3,12,0,0,0,0,Apr,Hcap,Jim Goldie,Cieren Fallon,28.68,35.49,0,8,80,50,33.33,100,33.33,33.33,100,81,98.5,529.49
260412,1845,Musselburgh,Lion's House,Turf, ,Y,17,14,19,19,4,U,g,5,126, ,0.7,30,7,1,13,12,4,9,1,463,1,1,9.34,0,0,0,0,Apr,Hcap,Linda Perratt,Kaiya Fraser,9.69,39.24,0,5,135,60,50,100,70,33.33,80,70,100,563.33
260412,1845,Musselburgh,Equity Law,Turf, ,Y,17,16,17,19,4,D,g,5,133, ,0.94,33,8,6,12,7,1,16,1,507,1,1,44,0,0,0,0,Apr,Hcap,Tim Easterby,S B Kirrane,33.15,33.09,0,8,70,60,60,100,33.33,80,80,94,97.01,604.34
260412,1845,Musselburgh,Vince L'Amour,Turf, ,Y,17,14.66,19,19,4,U,g,5,129, ,1.28,25,4,6,2,10,4,0,0,635,4,0,26.67,0,0,0,0,Apr,Hcap,Tim Easterby,David Allan,33.15,41.54,0,8,70,60,70,100,100,80,100,125,85.07,720.07
260412,1845,Musselburgh,Impressor,Turf, ,Y,17,32.66,19,21,4,U,g,9,126, ,0.88,48,14,16,7,9,13,8,0,578,2,0,1,0,0,0,0,Apr,Hcap,Phillip Makin,S H James,50.19,36.63,0,4,-10,60,70,100,100,80,80,88,88.05,666.05
260412,1845,Musselburgh,South Parade,Turf, ,Y,17,19,23,26,4,S,m,5,132, ,1.77,28,6,11,3,2,3,2,0,608,4,1,10.33,0,0,0,0,Apr,Hcap,Richard Fahey,Warren Fentiman,47.11,23.41,3,9,30,70,100,100,100,80,33.33,125,97.01,705.34
260412,1845,Musselburgh,Pop Star,Turf, ,Y,17,24,29,34,4,S,g,6,124, ,1.85,53,15,15,10,14,11,5,0,558,4,1,49.67,0,0,0,0,Apr,Hcap,Iain Jardine,Andrew Mullen,42.01,34.86,0,10,20,33.33,50,100,50,100,100,125,91.04,649.37
260412,1845,Musselburgh,Classy Al,Turf, ,Y,17,27.33,41,41,4,S,g,8,125, ,1.19,59,17,11,17,16,4,1,1,418,2,3,0,0,0,0,0,Apr,Hcap,Jim Goldie,Lauren Young,28.68,37.67,5,11,30,33.33,50,100,33.33,33.33,50,119,98.5,517.49
260412,1845,Musselburgh,Blind Beggar,Turf, ,Y,17,14,51,51,4,S,g,8,133, ,1.12,24,2,3,11,6,10,14,0,508,3,2,1.33,0,0,0,0,Apr,Hcap,Jessica Macey,Lewis Edmunds,18.71,42.44,0,11,100,70,60,100,33.33,33.33,100,112,85.07,593.73
